トップス,Tシャツ/カットソー
トップス,シャツ/ブラウス
トップス,ポロシャツ
トップス,ニット/セーター
トップス,ベスト
トップス,パーカー
トップス,スウェット
トップス,カーディガン
トップス,アンサンブル
トップス,ジャージ
トップス,タンクトップ
トップス,キャミソール
トップス,チューブトップ
トップス,その他トップス
ジャケット/アウター,テーラードジャケット
ジャケット/アウター,ノーカラージャケット
ジャケット/アウター,デニムジャケット
ジャケット/アウター,ライダースジャケット
ジャケット/アウター,ブルゾン
ジャケット/アウター,カバーオール
ジャケット/アウター,ミリタリージャケット
ジャケット/アウター,MA-1
ジャケット/アウター,ダウンベスト
ジャケット/アウター,ダウンジャケット/コート
ジャケット/アウター,ダッフルコート
ジャケット/アウター,モッズコート
ジャケット/アウター,ピーコート
ジャケット/アウター,ステンカラーコート
ジャケット/アウター,トレンチコート
ジャケット/アウター,チェスターコート
ジャケット/アウター,ムートンコート
ジャケット/アウター,ナイロンジャケット
ジャケット/アウター,マウンテンパーカー
ジャケット/アウター,スタジャン
ジャケット/アウター,スカジャン
ジャケット/アウター,ポンチョ
ジャケット/アウター,その他アウター
パンツ,デニムパンツ
パンツ,カーゴパンツ
パンツ,チノパンツ
パンツ,スラックス
パンツ,パンツ
オールインワン・サロペット,サロペット/オーバーオール
オールインワン・サロペット,つなぎ/オールインワン
スカート,スカート
スカート,デニムスカート
ワンピース,ワンピース
ワンピース,シャツワンピース
ワンピース,ジャンパースカート
ワンピース,チュニック
ワンピース,ドレス
スーツ/ネクタイ,スーツジャケット
スーツ/ネクタイ,スーツベスト
スーツ/ネクタイ,スーツパンツ
スーツ/ネクタイ,スーツスカート
スーツ/ネクタイ,セットアップ
スーツ/ネクタイ,ネクタイ
スーツ/ネクタイ,蝶ネクタイ
スーツ/ネクタイ,ネクタイピン
スーツ/ネクタイ,カフリンクス
バッグ,ショルダーバッグ
バッグ,トートバッグ
バッグ,バックパック/リュック
バッグ,ボストンバッグ
バッグ,ボディバッグ/ウエストポーチ
バッグ,ハンドバッグ
バッグ,クラッチバッグ
バッグ,メッセンジャーバッグ
バッグ,ビジネスバッグ
バッグ,スーツケース/キャリーバッグ
バッグ,ドラムバッグ
バッグ,エコバッグ/サブバッグ
バッグ,かごバッグ
シューズ,スニーカー
シューズ,スリッポン
シューズ,サンダル
シューズ,パンプス
シューズ,ブーツ
シューズ,ブーティ
シューズ,ドレスシューズ
シューズ,バレエシューズ
シューズ,ローファー
シューズ,モカシン/デッキシューズ
シューズ,レインシューズ
シューズ,ビーチサンダル
シューズ,その他シューズ
シューズ,シューケア/シューズ小物
ファッション雑貨,ストール/スヌード
ファッション雑貨,マフラー/ショール
ファッション雑貨,ベルト
ファッション雑貨,サスペンダー
ファッション雑貨,サングラス
ファッション雑貨,メガネ
ファッション雑貨,手袋
ファッション雑貨,ネックウォーマー
ファッション雑貨,イヤーマフ
ファッション雑貨,長傘
ファッション雑貨,折りたたみ傘
ファッション雑貨,レインコート/ポンチョ
ファッション雑貨,付け襟
財布/小物,財布
財布/小物,コインケース/札入れ
財布/小物,名刺入れ
財布/小物,ポーチ
財布/小物,手鏡/コンパクト
財布/小物,ハンカチ/ハンドタオル
財布/小物,バンダナ/スカーフ
財布/小物,キーホルダー
財布/小物,キーケース/キーアクセサリー
財布/小物,ウォレットチェーン
財布/小物,パスケース
財布/小物,カードケース
財布/小物,パスポートケース
財布/小物,扇子/うちわ
財布/小物,その他小物
時計,腕時計
時計,置時計
時計,掛け時計
ヘアアクセサリー,ヘアゴム
ヘアアクセサリー,ヘアバンド
ヘアアクセサリー,カチューシャ
ヘアアクセサリー,バレッタ/ヘアクリップ
ヘアアクセサリー,ヘアピン
ヘアアクセサリー,シュシュ
ヘアアクセサリー,その他ヘアアクセサリー
ヘアアクセサリー,ウィッグ
アクセサリー,ネックレス
アクセサリー,リング
アクセサリー,ピアス（両耳用）
アクセサリー,ピアス（片耳用）
アクセサリー,イヤリング（両耳用）
アクセサリー,イヤリング（片耳用）
アクセサリー,ブレスレット
アクセサリー,バングル/リストバンド
アクセサリー,アンクレット
アクセサリー,チョーカー
アクセサリー,ブローチ/コサージュ
アクセサリー,チャーム
アンダーウェア,ブラ
アンダーウェア,ショーツ
アンダーウェア,ブラ&ショーツ
アンダーウェア,トランクス
アンダーウェア,ボクサーパンツ
アンダーウェア,ルームウェア/パジャマ
アンダーウェア,その他アンダーウェア/インナー
レッグウェア,ソックス/靴下
レッグウェア,タイツ/ストッキング
レッグウェア,レギンス/スパッツ
レッグウェア,レッグウォーマー
帽子,キャップ
帽子,ハット
帽子,ニットキャップ/ビーニー
帽子,ハンチング/ベレー帽
帽子,キャスケット
帽子,サンバイザー
雑貨/ホビー/スポーツ,ペン類
雑貨/ホビー/スポーツ,手帳/メモ帳
雑貨/ホビー/スポーツ,ステッカー/テープ
雑貨/ホビー/スポーツ,ステーショナリー
雑貨/ホビー/スポーツ,モバイルケース/カバー
雑貨/ホビー/スポーツ,モバイルアクセサリー
雑貨/ホビー/スポーツ,おもちゃ
雑貨/ホビー/スポーツ,フィギュア
雑貨/ホビー/スポーツ,バッジ
雑貨/ホビー/スポーツ,アッシュトレイ/ライター
雑貨/ホビー/スポーツ,ポスター/アート
雑貨/ホビー/スポーツ,スポーツグッズ
雑貨/ホビー/スポーツ,ゴルフグッズ
雑貨/ホビー/スポーツ,カメラ/カメラグッズ
雑貨/ホビー/スポーツ,ペットグッズ
雑貨/ホビー/スポーツ,トラベルグッズ
雑貨/ホビー/スポーツ,コスチューム/パーティーグッズ
雑貨/ホビー/スポーツ,その他雑貨
マタニティ・ベビー,マタニティウェア
マタニティ・ベビー,マタニティグッズ
マタニティ・ベビー,母子手帳ケース
マタニティ・ベビー,マザーバッグ/収納ポーチ
マタニティ・ベビー,スタイ/よだれかけ
マタニティ・ベビー,ロンパース
マタニティ・ベビー,肌着
マタニティ・ベビー,おくるみ
マタニティ・ベビー,ベビー用品
マタニティ・ベビー,お食事グッズ
マタニティ・ベビー,ベビーカー用品
マタニティ・ベビー,ベビーシューズ
マタニティ・ベビー,ベビーギフト
その他,福袋/福箱
その他,ラッピングキット
その他,その他