A,AAMEL
A,ABAGOFCHIPS
A,ABATHINGAPE
A,Ablends
A,ABOND
A,acote
A,AdeVivre
A,ADetacher
A,AKindofGuise
A,alotoflove
A,AMONGOUT
A,ANewDawnBathesTheWorldInAFreshLight.bymo
A,APIECEOFCAKE
A,apoint
A,APUPIL
A,ASCENE
A,AVACATION
A,AVONTADE
A,A&F
A,A&G
A,A(LeFRUDE)E
A,A.A.Spectrum
A,A.D.M.J
A,A.D.S.R.
A,a.depeche
A,a.g.plus
A,A.I.C
A,A.JOINTEDCLOTHINGSELECT
A,A.M.S.
A,A.motion
A,A.P.C.
A,A.S.98
A,A.S.M
A,a.s.s.a
A,A.T
A,"A.T,Cintheattichomme"
A,A.TAKA
A,a.v.max
A,a.v.v
A,A.W.A.K.EMODE
A,A/CDESIGNBYALPHACUBIC
A,A‘gem9
A,A2care
A,AAA
A,AAA+
A,Aalto
A,AAPEBYABATHINGAPE
A,AARKCollective
A,AAUXX
A,ABAHOUSE
A,AbahouseDevinette
A,ABAHOUSEGRAY
A,abahousemavie
A,ABBEYMARKET
A,ABC-MART
A,Abercrombie&Fitch
A,ability
A,ABITOKYO
A,absolute
A,Absorle
A,ABUGARCIA
A,ACANTHUS
A,ACAPULCOGOLD
A,ACCENTbyGLAZOS
A,ACCIAIO
A,ACCOMMODE
A,ace.
A,ACEbyMORIZANE
A,ACLETTE
A,ACMEFURNITURE
A,A-COLD-WALL*
A,ACOVER
A,acroma
A,ACT
A,ACTIVEGLAZOS
A,ACTIVESTYLE
A,act'm
A,Actually
A,actuel
A,ACUNEO
A,AcureZ
A,Acuta
A,ACYM
A,AD56
A,adabat
A,Adamclliford
A,ADAMETROPE'
A,AdametRope'LeMagasin
A,ADAMPATEK
A,ADAMITE
A,adamsJUGGLER
A,ADANS
A,ADAWAS
A,ADD
A,ADDSEOUL
A,Add+
A,ADDICTNOIR
A,Adele'sMOHAIR
A,AdelineCacheux
A,adenbyaden+anais
A,aden+anais
A,ADER
A,ADERerror
A,ADEXE
A,AdiaKibur
A,adidas
A,adidasbykolor
A,adidasbyStellaMcCartney
A,adidasGolf
A,adidasneo
A,adidasOriginals
A,adidasOriginalsby84-LAB.
A,adidaswatches
A,ADIEU
A,ADIEUTRISTESSE
A,ADIEUTRISTESSEl'ecumedesjours
A,ADIEUTRISTESSELOISIR
A,ADIEUTRISTESSELUXE
A,ADIRA
A,ADISH
A,ADITIONAL
A,Admiral
A,ADMIX/ATELIERSABMEN
A,ADOLESCENCE
A,ADOLFOCARLI
A,adonisgreen
A,ADPOSION
A,ADRER
A,Adsum
A,Aenak
A,Aer
A,AERON
A,AEWENMATOPH
A,afecta
A,Afends
A,AFFIX
A,AFIELD
A,AFTERHOMEWORK
A,AfternoonTea
A,AG
A,AGbyaquagirl
A,AGATHA
A,AGENDER
A,agete
A,ageteCLASSIC
A,ageteFIRST
A,Agneau7
A,AGNELLE
A,agnesb.
A,AGOLDE
A,Ahe'hee
A,AHUM
A,AI
A,AiE
A,AIGLE
A,AIM
A,Aima+saie
A,AIMABLE
A,AIMELEONDORE
A,AIMER
A,aimerlemieux
A,aimerfeel
A,aimoha
A,Airpapel
A,AIRWALK
A,AIVER
A,ajew
A,a-jolie
A,AK457
A,AKANEUTSUNOMIYA
A,AKECII
A,AKIIICLASSIC
A,AKIRANAKA
A,AKM
A,AKMBrownBunny
A,AKMContemporary
A,AKTE
A,alala
A,ALANIthegrey
A,ALBAROSA
A,albertthurston
A,ALBERTOFERMANI
A,ALBERTUSSWANEPOEL
A,ALBINO
A,alcali
A,ALCEDO
A,ALCHEMIST
A,ALCHIMIA
A,ALDEN
A,Alderney
A,ALDIES
A,Aleanto
A,ALEN2
A,ALETTA
A,ALEXJONES
A,AlexMill
A,ALEXACHUNG
A,AlexanderJulian
A,ALEXANDERWANG
A,AlexanderLeeChang
A,ALEXIASTAM
A,AlfredoGonzales
A,alfredoBANNISTER
A,ALGY
A,ALIAS
A,ALICEMARTHA
A,ALIFE
A,alimaPURE
A,AliveAthletics
A,ALIVEWATCH
A,alkphenix
A,ALLBLACK
A,ALLORDINARIES
A,allamanda
A,ALLAND
A,ALLEGE
A,Allerleirauh
A,Alleybywcloset
A,allolun.
A,ALLONS
A,ALLSAINTS
A,Alluge
A,Allumer
A,allureville
A,ALLYDENOVO
A,almo
A,ALMOND
A,ALMOSTBLACK
A,ALOHA
A,ALOOR
A,ALORE
A,ALPEN/SPORTSDEPOSELECT
A,ALPHA
A,ALPHAASHTRON
A,ALPHACUBIC
A,AlphaIndustries
A,AlphabetSoup
A,ALPO
A,Altea
A,ALTERNATIVEAPPAREL
A,Alto
A,ALTROSE
A,ALTUS
A,ALTUSMountainGear
A,ALUSTANDARD
A,ALUMNAE
A,ALUNE
A,alvana
A,ALWAYS
A,ALWEL
A,am
A,amabro
A,AMACA
A,amadana
A,AMAIL
A,Amaort
A,amaterra
A,Amb
A,AMBIDEX
A,AMBIENT
A,Ambiente
A,AMBIGUOUS
A,ambler
A,AMBOISE
A,AmbreNeige
A,AMBUSH
A,amel
A,ameme
A,AMERI
A,AmericanApparel
A,AMERICANHOLIC
A,AMERICANOPTICAL
A,AMERICANRAGCIE
A,AmericanSupplyCo.
A,AMERICANA
A,amherst
A,AMIAlexandreMattiussi
A,amiamie
A,Amia
A,amiacalva
A,AmiAmi
A,amijed
A,Amina
A,AMINASELECT
A,amitie
A,Amo
A,amok
A,amorousinsense
A,AMOSTYLEBYTriumph
A,ampjapan
A,Ampersand
A,AMPHI
A,AMPHIBIAN
A,amplee
A,amplis
A,Amulet
A,AMUYTRAYSBAY
A,ANbyLUCIUS
A,An+u
A,An3pocket
A,ANAAK
A,analog
A,anana
A,ANAP
A,ANAPGiRL
A,ANAPHOME
A,ANAPkids
A,anapmimpi
A,ANAPUSA
A,anapau
A,anatelier
A,ANATOMICA
A,ANAYI
A,ancherivif
A,ANCHOR
A,AnchorSmith
A,ANCIENTGREEKSANDALS
A,AndA
A,andit_
A,andit_Mens
A,andMe
A,andmikka
A,andmyera
A,andR
A,ANDTEMA
A,andwander
A,AndArts
A,Andemiu
A,Andersen-Andersen
A,Anderson's
A,AndersonsBelts
A,ANDERSSONBELL
A,ANDGEEBEE
A,ANDJ
A,AndMesh
A,andraeanum
A,AndreAssous
A,AndreaD'Amico
A,andsome
A,ANDSOX
A,AndyWarhol
A,ANEDIT
A,ANEI
A,anello
A,ANEMONE
A,ANESSA
A,ANGELDELAGUARDA
A,ANGELHEART
A,AngelLuna
A,ANGELCLOVER
A,Angelcolor
A,Angelique
A,ANGELOBERVICATO
A,ANGENEHM
A,angereve
A,angerolux
A,Angler'sHouse
A,Angouleme
A,aniary
A,ANIKULAPO
A,ANIMALIA
A,ANITAARENBERG
A,ANITABILARDI
A,AnkRouge
A,ankoROCK
A,AnnAshlee
A,ANNACOLLECTION
A,AnnaMarie
A,ANNASUI
A,ANNABELINGALL
A,annak
A,ANNASUI
A,Annc
A,ANNEKLEIN
A,ANNEMARIECHAGNON
A,AnneThomas
A,ANNEBRA
A,AnneCoquine
A,Anniel
A,ANNIKAINEZ
A,ANOKHA
A,ANONYMCRAFTSMANDESIGN
A,ANONYMOUSISM
A,ANOTHERHEAVEN
A,anotherimportantculture
A,Anothera
A,Anoutcommune
A,ANOUTFIT
A,anown
A,ANPANMANKIDSCOLLECTION
A,anq.
A,anqanq.
A,ANREALAGE
A,ANSEASONANREALAGE
A,ANSTM
A,ANT
A,ANTA
A,ANTEPRIMA/MISTO
A,ANTEPRIMA/WIREBAG
A,Anthe
A,ANTHOLOGIE&CO.
A,ANTHOLOGYParis
A,AnthonyPeto
A,AntiBallistic
A,ANTISOCIALSOCIALCLUB
A,ANTIBAL
A,anticrag
A,ANTIHERO
A,ANTIPAST
A,antiqua
A,ANTONIODUCATI
A,ANVIL
A,AnytimeSongs
A,ANZ
A,AOIRO
A,AOZORA
A,apretro
A,APSTUDIO
A,APACHEJEAN
A,apartbylowrys
A,apibaby
A,APIECEAPART
A,APOLIS
A,APOMperenchanted
A,APOTHEKEFRAGRANCE
A,APOTHIA
A,APPAMAN
A,APPARELXIT
A,APPARIS
A,APPLEBUM
A,APPROACH
A,apres
A,apresjour
A,apresjourmignon
A,apreslescours
A,ApresSki
A,APRIL
A,apuntob
A,ApuweiserLuxe
A,Apuweiser-riche
A,AQUASAVON
A,aquagirl
A,aquagirl/l'epicerie
A,araks
A,aranWOOLLENMILLS
A,arbore
A,ARBUTUSNewYork
A,ARCADE
A,arch
A,ARCH&LINE
A,ARCHITECTMADE
A,ARCHIVER
A,archives
A,archivio
A,ARCOLLETAPADRONE
A,ARCOLLETTAPADRONE
A,ARCOPEDICO
A,ARC'TERYX
A,ARCTICEXPLORER
A,arenot
A,AREth
A,ARGIS
A,ARGITAL
A,ARGYLLANDBUTE
A,ARIACHIARA
A,ARIES
A,arius
A,ARKSTANDARD
A,ARKnets
A,ARLEQUIN
A,ARMANIEXCHANGE
A,ARMEN
A,ARMITRONNEWYORK
A,Armorlux
A,ARMURE
A,ARNEJACOBSEN
A,ArnoldPalmer
A,arnoldpalmertimeless
A,aroundtheshoes
A,Arpenteur
A,arriveparis
A,arron
A,ARRUM
A,ARS
A,ARTBROWN
A,ARTCOMESFIRST
A,ARTOFBLACK
A,art&eden
A,artemisbyDIANA
A,ArtemisClassic
A,ARTEMISKINGS
A,arth
A,Articleno.
A,ARTIDAOUD
A,ARTS&CRAFTS
A,Arumlily
A,ASKNOWAS
A,ASKNOWASdebase
A,ASKNOWASPINKY
A,AS2OV
A,ASAHI
A,ASAHISHOES
A,ASAUCEMELER
A,ASBee
A,ascot
A,ASFVLT
A,ASH
A,ASH&DIAMONDS
A,Ashleigh&Burwood
A,ASICS
A,ASICSRUNWALK
A,ASICSSportStyle
A,ASICSTiger
A,ASICSWALKING
A,ASPESI
A,ASPLUND
A,AssadMounser
A,ASSEMBLYLABEL
A,ASSOV
A,Astorflex
A,AstoriaFleure
A,ASTORIAODIER
A,ASTRAET
A,ASTRONOMY
A,ASZAKKA
A,ATCREATION
A,ATTHEMOMENT
A,ATAR
A,Atarayo
A,ATELIERBETON
A,ATELIERCOVA
A,Ateliermimi
A,ATELIERSABformen
A,"atelierST,CAT"
A,atelier*mio
A,ATEMSTUDIO
A,atepetite
A,ATHA
A,AthenaNewYork
A,ATHLETA
A,AtlanticSTARS
A,atmos
A,atmospink
A,atmos/atmosgirls
A,atneK
A,ato
A,ATOLYESTONE
A,ATON
A,ATPATELIER
A,ATSUGI
A,ATSUROTAYAMA
A,ATTACHMENT
A,attackthemind7
A,attagirl
A,ATTESA
A,AttickbyJohnbull
A,AttilioGiustiLeombruni
A,Attipas
A,AuBANNISTER
A,AUDEN
A,Audience
A,AUDITION
A,AudreyandJohnWad
A,AUGUSTEPRESENTATION
A,AUGUSTINE
A,AULA
A,AULAAILA
A,AULI
A,AUNN
A,AuntMarie's
A,AuntieRosaHoliday
A,Aura
A,AURA(MadeinPoland)
A,AurelieBidermann
A,AURORAGRAN
A,AVALONE
A,AVANLILY
A,Avanchy
A,AVANT
A,AVANTCONVERSE
A,Avanti
A,AVARCAS
A,avecmoi
A,AVIE
A,AVIREX
A,AVOCA
A,Avvenente
A,AWESOMENEEDS
A,axesfemme
A,axesfemmekawaii
A,axesfemmePOETIQUE
A,Ayame
A,AYUITE
A,AZ(ANREALAGE×NODESIGN)
A,AZbyjunhashimoto
A,AZbyjunhashimoto
A,AZIONE
A,AZULBYMOUSSY
A,AZULENCANTO
A,AZUMA
A,Azuma.
B,BABLETWO
B,BONESOUL
B,b.box
B,B.CSTOCK
B,b.c.l
B,B.I.D.
B,B:MINGbyBEAMS
B,b・ROOM
B,B'2nd
B,B'2ndre'qua
B,B7
B,ba&sh
B,ba(s)2lope
B,Baabook
B,BabBouJeloud
B,babaco
B,babyampersand
B,BabyBuddy
B,BABYDELIGHT
B,BabyHopper
B,BABYMILOSTORE
B,babymo
B,babybabyselect
B,babycheer
B,BABYDOLL
B,BABY-G
B,BABYLONE
B,babyShoop
B,BACCA
B,BACH
B,BACKBONE
B,BackChannel
B,BACKDROP
B,BACKLASH
B,BACKSTAGEPASS
B,BAD
B,BADBOY
B,BADINBAD
B,baebae
B,BAFY
B,bag-all
B,BAGGU
B,BAGGYPORT
B,BAGGY'SANNEX
B,BAGJACK
B,BAG'n'NOUN
B,BAGOLO
B,BAGSINPROGRESS
B,Bagutta
B,Bailey
B,BAIT
B,BAJASMILE
B,bajra
B,BAL
B,Balancoire
B,BalBer
B,baldan
B,BALENCIAGA
B,BALIBIKI
B,BALL
B,ballaholic
B,BALLARINI
B,BALLASTARK
B,BALLSEY
B,BALLY
B,balmy
B,balt
B,BAMBOOSHOOTS
B,BANA
B,Banago
B,banalchicbizarre
B,BANANAREPUBLIC
B,BANANATIME
B,BandofOutsiders
B,BANDAI
B,BANDEL
B,BANDOLIER
B,BANDWAGON
B,BANGERS
B,BANKS
B,BANNERBARRETT
B,BANU
B,BAPYBYABATHINGAPE
B,BARACUTA
B,BARAK
B,BARBA
B,Barbarian
B,Barbour
B,BARCEDOS
B,BARCOS
B,BarcosBlue
B,BARDOTROSE
B,BarebonesLiving
B,BAREFOOTDREAMS
B,BARENA
B,BARKMANHATTAN
B,BARNDOOR
B,BARNS
B,BARNSOUTFITTERS
B,BARNSsohostreet
B,BARNYARDSTORM
B,BARRYBRICKEN
B,BASE
B,BASECONTROL
B,BASEMENTonline
B,BASErange
B,BASICCOTTON
B,Basiquenti
B,BASISBROEK
B,BASQUEmagenta
B,BASS
B,bassike
B,BASTAROO
B,BATHCRAFT
B,BATHROOM
B,BATONER
B,BattenSportswear
B,Battenwear
B,BATTLELAKE
B,Baudoin&Lange
B,BAUERPOTTERY
B,BAUMUNDPFERDGARTEN
B,Baxter
B,BaxterofCalifornia
B,BAYCREST
B,BAYSIDE
B,BAYBLO
B,BAYFLOW
B,BBYB
B,BCBGeneration
B,BCR
B,BdeR
B,BDONNA
B,BENEAT
B,BERADIANCE
B,beroutine
B,BE@RBRICK
B,BEABA
B,beachlunchlounge
B,BeachQueen
B,BEADYGEM
B,BEAMS
B,BEAMSBOY
B,BeAMSDOT
B,BEAMSF
B,BEAMSGOLF
B,BEAMSJAPAN
B,BEAMSLIGHTS
B,BEAMSNEWSTANDARD
B,BEAMSPLUS
B,BEAMSRECORDS
B,BEAMST
B,BEARPAW
B,BEATJIVE
B,BEATRICE
B,Beaure
B,Beau're
B,BEAU'RESECOND
B,BeautifulHarmony
B,beautifulpeople
B,Beautilities
B,Beauty&Habit
B,BEAUTY&YOUTHUNITEDARROWS
B,BEAVER
B,BeaverofBolton
B,BEAVERORIGINAL
B,BeBe
B,BebeFolie
B,Bebobio
B,because
B,BECK
B,becksondergaard
B,BEDJ.W.FORD
B,BEDOUIN
B,bedsidedrama
B,BEDWIN
B,BEDWIN&THEHEARTBREAKERS
B,BeedesBee
B,BEENTRILL
B,Begg&Co
B,BEIMAR
B,BELIEFNYC
B,BELIEVEINMIRACLE
B,BELIZE
B,BELL
B,BELLAFREUD
B,BELLISSIMA
B,Bello
B,Bellroy
B,BELLUNAPLUS
B,BELLWOODMADE
B,BELSTAFF
B,BELTMANIA
B,BENAMUN
B,BENDAVIS
B,BENDAVISBLACKOUTCOLLECTION
B,BENDAVISMARKETSTREET
B,BENDAVISORIGINALS
B,BENDAVIS/PROJECTLINE
B,BENDAVIS/WHITELABEL
B,BenSherman
B,BENTHERODEOTAILOR
B,BENCH
B,BENCHATTHEGREENE
B,BENCH'SSELECT
B,BENDERTOKYO
B,BENELLI
B,BENETTON(UNITEDCOLORSOFBENETTON)
B,Bengal
B,BENINE
B,Bennu
B,BENNY
B,Beno
B,BENTLEYCRAVATS
B,berevere
B,BERGFABEL
B,Berghaus
B,BERGSTEIN
B,BERING
B,BERLINBOOMBOX
B,Bermosa
B,bern
B,Bernabeu
B,BERNARDZINS
B,Bertini
B,berufbaggage
B,BERWICH
B,BERWICK
B,BestFriends
B,BESTPACK　
B,BESTPACKINGSTORE
B,betapost
B,BETONCIRE
B,BETONES
B,BETTINA
B,BETTYBOOP
B,BETTYCLUB
B,BettySmith
B,Betty&Lily
B,Betula
B,BetweenAandB
B,BEVERLYHILLSPOLOCLUB
B,Bevilacqua
B,BEVINI
B,BEYOND
B,BEYONDCOOL
B,Bhanuni
B,BIANCA
B,Bianchi
B,BianchiDonna
B,BIAS
B,bib-bab
B,Bibetta
B,BibiGramaglia
B,bibilou
B,bibmilk
B,BICASH
B,bico
B,Bifrost
B,BIGBILL
B,BIGFIELD
B,BIGJOHN
B,BIGMAC
B,BIGMIKE
B,BIGSMITH
B,BIGYANK
B,BIIS
B,bijorie
B,Bijoux&Bee
B,Bijoux&Bee
B,BIKESTAR
B,Bilitisdix-septans
B,BILLWALLLEATHER
B,BILLABONG
B,BILLABONGGIRL
B,billibi
B,BILLIBI
B,BILLIONAIREBOYSCLUB
B,BILLIONAIREGIRLSCLUB
B,BILLVAN
B,BillyReid
B,BILLY'SENT
B,BIMO
B,BINDU
B,BINGO
B,Binocle
B,BioFitter
B,biography
B,birdog
B,BIRKENSTOCK
B,BIRTHDAYBAR
B,birthdayparty
B,Birthdayroom
B,BIRVINUNIFORM
B,BitterEnder
B,BITTOKO
B,BIT'Z
B,BIWACOTTON
B,BIZZU
B,BJG
B,BKhome
B,BLACKBYMOUSSY
B,BLACKbyVANQUISH
B,BLACKCRANE
B,BLACK　EVOLUTION
B,BlackEyePatch
B,BLACKFLAME
B,BLACKFLYS
B,BLACKGOLD
B,blackhumours
B,BLACKLABELCRESTBRIDGE
B,BLACKPLAINbyHIMIKO
B,BLACKSCORE
B,BlackSheep
B,BLACKSTAR&THEVELVETBORNS
B,BlackWeirdos
B,BLACK&BLUE
B,blackdiaby7JEWELRY
B,BlackEyePatch
B,blancbasque
B,BLANCbyPUPE
B,BLANCFICELLE
B,BLANC..
B,blanc/bleu
B,BLANCK
B,blankbywords
B,BlANKS
B,Blasty
B,BLENDERSEYEWEAR
B,BLEUFORET
B,BlingLeads
B,BLKPINEworkshop
B,BLOHM
B,BLONDECIGARETTES
B,BloodyMary
B,BLOOM
B,bloomingFLORA
B,BLOSSOMclasse
B,B-LOWTHEBELT
B,BLUEbyMANGROVE
B,BLUECHIP
B,BLUECROSS
B,BLUECROSSgirls
B,BLUELABELCRESTBRIDGE
B,BLUEMENTRIP
B,BLUEPIE
B,BlueRidgeChairWorks
B,BLUESAKURA
B,BlueStandard
B,BLUETORNADO
B,BLUEWORK
B,BLUEBIRDBOULEVARD
B,BLUEEAST
B,BLUEFLAG＋kiminorimorishita
B,BLUEY
B,BLUNDSTONE
B,BLUNT
B,BLU'RE
B,BLURHMS
B,BMberniemev
B,BMW
B,BNT
B,BOBISSH
B,BOBO
B,BOBOCHOSES
B,BOBSON
B,BOBSON1971
B,BOBSONE.J
B,bodco
B,BodyGlove
B,BODYWILD
B,bodysong.
B,BOEMOS
B,boessertschorn
B,BOGEN
B,bohem
B,BOHEMIANS
B,BOINASELOSEGUI
B,BOLZONELLA
B,BOMBERPERFUME
B,BomBR
B,BOMCORVO
B,Bonappetit
B,BONFANTI
B,bonheursaisons
B,bonjourbonsoir
B,BonjourGirl
B,bonjourrecords
B,BonjourSagan
B,BONKERS
B,Bonnemaison
B,Bonne'C
B,BONNIESPRINGS
B,BONTRE
B,BooginHead
B,BORBONESE
B,BOREDOM
B,Born
B,BornFromRock
B,BOSCH
B,BOSS
B,BostonClub
B,botocollax
B,BOTTEGAVENETA
B,BOTTER
B,BottoGiuseppe
B,BouJeloud
B,bouc-store
B,BOULDERMOUNTAINSTYLE
B,BOUNTYHUNTER
B,boussole
B,BOW
B,Bowwow
B,BOYLONDON
B,bpb
B,bprBEAMS
B,BraasiIndustry
B,BRACTMENT
B,BRADELISBlackLabel
B,BRADELISGoldLabel
B,BRADELISME
B,BRADELISNEWYORK
B,BRADELISNEWYORKMAGIC
B,BRADELISNEWYORKPEACE
B,BRADOR
B,BRADY
B,Brahmin
B,Branchworks
B,BRANCO
B,BRANDBLACK
B,BRANDX
B,BRANDNEWOLD
B,BRANIFF
B,BRANIGANWEAVERS
B,branshes
B,BRAUN
B,Bravado
B,bravo
B,Bravuradelt
B,BREEZE
B,BRENDAZARO
B,BRESCIANI
B,BREUER
B,BREW
B,Brezza
B,BRICKHOUSEbyTOKYOSHIRT
B,BRID
B,BRIDAS
B,BridgetBirkin
B,BRIEFING
B,BRILLAperilgusto
B,brimp
B,BRINGONTHENOISE
B,BRIO
B,BRISEMY
B,BRITANNIALEATHER
B,BRITISHGREEN
B,BRITISHREMAINS
B,BRIXTON
B,Brocante
B,BRONER
B,BRONTE
B,BRONZEAGE
B,BROOKLYNMACHINEWORKS
B,BROOKLYNOVERALL
B,BROOKS
B,BROOKSBROTHERS
B,BROOKSVanguard
B,BROSbyWACOALMEN
B,BROSKIANDSUPPLY
B,BROTHERHOOD
B,BROW
B,BrownBrown
B,BROWN'SBEACHJACKET
B,BRUNCH
B,BRUNO
B,BRUNOPREMI
B,BRUNOROSSI
B,BrushyCreek
B,Bshop
B,BT21
B,b-tytto
B,BUCCA44
B,BucktroutHarrisTweed
B,buddy
B,BUENAVISTA
B,BUENO
B,BUFFALOBOBS
B,Buggygear
B,BUILTNY
B,bukht
B,BULKHOMME
B,bulledesavon
B,BULLISH
B,BumpN'GRIND
B,BundleBean
B,Bunniesbythebay
B,BURBERRY
B,BURLAPOUTFITTER
B,BURLEIGH
B,Burner
B,Burnout
B,BURROWS
B,BURROWS&SUN
B,BURTON
B,BUSCEMI
B,Bussola
B,butbeautiful
B,BUTDEEP
B,ButlerVernerSails
B,BUTTERFLYTWISTS
B,BUTTERO
B,BUTWIN
B,BuzzRickson's
B,BWPARKS
B,byboe
B,byloveit
B,BYMALENEBIRGER
B,bymuni:r
B,byallmins
B,bydaisy
B,ByerofMaine
B,BYFAR
B,Bymity
B,BYRD
B,byあしながおじさん
B,B印YOSHIDA(BEAMS×PORTER)
C,CDIEM
C,C.ali
C,C.E
C,C.E.L.STORE
C,C.I.L.
C,C.P.COMPANY
C,C.R.E.A.M
C,C.T.plage
C,c.u.l
C,C/MEOCOLLECTIVE
C,C:smile
C,C＋
C,C17
C,C6
C,CA＆LOU
C,CA4LA
C,CAARA
C,caart.
C,CABALLERO
C,CabbagePatchKids
C,CABINZERO
C,CABLOCAMURIE　
C,cachecache
C,Cachellie
C,cachenez
C,CADBURY
C,CADISEN
C,CALOLINE
C,CalTop
C,CAL．Berries
C,Calabrese
C,Caldia
C,CALISURF
C,calian
C,CALIFORNIAHAVEANICETIME!
C,CALIFORNIAOUTFITTERS
C,Calimar
C,CALMIA
C,Calulu
C,CALUX
C,CalvinKlein
C,CalvinKleinJeans
C,CalvinKleinJeansAccessory
C,CALVINKLEINPERFORMANCE
C,CALVINKLEINSWIMWEAR
C,CalvinKleinUnderwear
C,CALVINKLEINWATCHES+JEWELRY
C,Calzanor
C,CAMBER
C,CAMBIO
C,CAMEL
C,CAMIELFORTGENS
C,CAMILLO
C,CAMINANDO
C,CAMO
C,CamoshitaUNITEDARROWS
C,CAMP7
C,CAMPER
C,CAMPOMAGGI
C,CANPEPREY
C,canaco_
C,CANADAGOOSE
C,Canal4℃
C,CANALJEAN
C,CANALIZE
C,CandyAngel
C,CandyBeans
C,CANDYDESIGN&WORKS
C,CandyStripper
C,CANDYLABTOYS
C,CANNABIS
C,CANTERA
C,CANTON
C,CANTONOVERALLS
C,capaf
C,Capana
C,CapeHEIGHTS
C,CAPEHORN
C,Capelli
C,caph
C,CAPPELLI
C,capri
C,CAPRICIEUXLE'MAGE
C,CapricornMohairSocks
C,CAPTAINFIN
C,CAPTAINSTAG
C,CaptainsHelm
C,CAPTUREbyHollywoodMade
C,CaravanabyA.I.C
C,CARDHODA
C,cardofabrica
C,CAREERLINK
C,CARETTE
C,Carhartt
C,CarharttWIP
C,CARICATURE
C,CARIDEI
C,carino
C,Carletti
C,Carlieefelice
C,Carlomagno
C,carlotabarnabe
C,CarmenSalas
C,CARMINA
C,CARMINACAMPUS
C,CarneBollente
C,CarolJ.
C,CAROLINAGLASER
C,CARRAIGDONN
C,CARRANO
C,CARROTS
C,CARRYNEST
C,CARUSO
C,CARVEN
C,CASAFLINE
C,CASESCENARIO
C,Case-Mate
C,CASHCA
C,CASHYAGE
C,CASIO
C,casmi
C,CasperJohn
C,CASPERJOHNAIVER
C,Casselini
C,C'astvague
C,CAST:
C,Castaner
C,CASTANO
C,CASTELBAJAC
C,CATCOPY
C,CATFOOTWEAR
C,CATARZI
C,Cate&Nelson
C,CATERINABERTINI
C,CathKids
C,CathKidston
C,CatherineCottage
C,CATHERINEMICHIELS
C,CATHS
C,cathyjane
C,CATORCE
C,CATWORTH
C,Causerie
C,cavacava
C,CavariA
C,CAVEZAROSSO
C,cawaii
C,CAYA
C,Cayof
C,ccilu
C,CCRT
C,CDNECKWEAR
C,cdm
C,CDMBYCARPEDIEM
C,CEASTERS
C,CEBO
C,CECIOUCELA
C,CECILMcBEE
C,CECILENE
C,CEDARCREST
C,CelesteBlue
C,CELFORD
C,CeLL
C,CELLARDOOR
C,Cepica
C,cepo
C,CERCA
C,CesareGatti
C,CFT's
C,Chaco
C,Chacocloset
C,CHAMBORDSELLIER
C,chambredecharme
C,chamny
C,Champion
C,CHAMULA
C,CHANLUU
C,chancechance
C,ChangMee
C,CHANNEL
C,chantacharm
C,chaos/カオス
C,Chapeaud'O
C,"CHAPTERL,LONDON"
C,chapterworld
C,CHAPTERWORLDPREMIUM
C,CHAPTERWORLDselect
C,charabia
C,CHARCOALCLAPPER
C,CharcoalTOKYO
C,CHARI&CO
C,CHARLES&KEITH
C,CharlesChaton
C,CHARLIEJOE
C,CharlotteOlympia
C,CHARMBERRYTIC
C,CHARMS
C,CHAUGAM
C,chausser
C,C'H'C'M'
C,CHEAPMONDAY
C,cheek
C,CHEEKROOM
C,CHEEKYCHOMPERS
C,CHEER
C,Chelica
C,CHEMBUR
C,CHERIE
C,CheriePetitbyCECILMcBEE
C,cherirlafemme
C,CherrySunburst
C,CHERRYKOKO
C,CHEVRE
C,ChiakiKatagiri
C,CHIANDCHI
C,ChibiJewels
C,Chicbygrand
C,Chica
C,ChicoBag
C,CHICSTOCKS
C,CHIEMIHARA
C,chiemi
C,chien　chien
C,ChiffonFit
C,CHILDWOMAN
C,Childrenofthediscordance
C,chillax
C,CHILLE
C,Chilleanap
C,CHILLEA
C,Chimie
C,CHINATOWNMARKET
C,CHIPPEWA
C,Chiro
C,CHLOESTORA
C,Chloris
C,CHMPGN
C,CHOCOA
C,Chocomoo
C,CHOPIN
C,CHOPINdeux
C,CHOPINwithkodomoBEAMS
C,CHORDNUMBEREIGHT
C,CHOUCHOU
C,CHPO
C,chrigi
C,CHRISCHARLEY
C,CHRISTIANDADA
C,ChristianDior
C,ChristianLacroix
C,ChristianL'enfantRoi
C,CHRISTIANPEAU
C,CHRISTIANVILLA
C,CHROME
C,chronicle
C,CHRYSTIENYC
C,Chubasco
C,CHUCK
C,chuclla
C,chumchum
C,CHUMS
C,CHUP
C,CHURCHILL
C,Church's
C,Chu'sme
C,chuu
C,CIAOPANIC
C,CIAOPANICTYPY
C,CIBRE
C,CIEL'AIR
C,cieloblu
C,Cienta
C,ciite'
C,cilsoie
C,CIMARRON
C,Cinderella
C,CINEMACLUB
C,CINOH
C,CINQUANTA
C,CIOTA
C,CIPOLLA
C,CIRCOLO1901
C,CIRCUS&CO.
C,Cisei
C,CITERA
C,CITIZEN
C,Citizensofhumanity
C,CITRUS
C,CITY
C,CITYCOMBO
C,CITYLIGHTSBOOKS
C,CITYSHOP
C,CIVILIZED
C,CLAE
C,clafmanbyJohnbull
C,CLAFtybySTYLEDELI
C,CLAIRE
C,CLAMP
C,CLANE
C,clarev．
C,CLAREVIVIER
C,Clarks
C,ClarksOriginals
C,CLASS
C,CLASSIC
C,classicalelf
C,CLATHAS
C,CLBUN
C,CLEdesZONES
C,CLEA
C,CLEANA
C,clear
C,CLEARIMPRESSION
C,CLEARWEATHER
C,CLEDRAN
C,Clef
C,clefcle
C,CLEIO
C,Clelia
C,Clelia-u-
C,CLEMENTINE　KIDS
C,ClicedeParis
C,CLINIQUE
C,CLIPPERCASUALS
C,CLOCHE
C,CLOSED
C,CLOTTY
C,Cloudsteppers
C,cloverleaf
C,Cloveru
C,CLU
C,CLUBPARK
C,CLUSE
C,Clut
C,CLUTCHGOLF
C,CLUTSTUDIO
C,CLYDE
C,CMD
C,CMMNSWDN
C,CNLZ
C,COACH
C,COAL
C,COALHEADWEAR
C,COATLAB
C,COBMASTER
C,COBRA
C,COBRACAPS
C,coca
C,CocaCola
C,COCA（シューズ）
C,Coccinelle
C,cocheetcoche
C,COCO
C,CocoMoon
C,COCOWALK
C,cocoa
C,Cocoonist
C,COCOSHNIK
C,COCOSHNIKONKITSCH
C,CodeKelly
C,CODYSANDERSON
C,COEL
C,coen
C,COEUR
C,Coeurfemme
C,Coffee&Cigarettes
C,cohan
C,COHERENCE
C,colpierrot
C,ColaMin
C,COLDBREAKER
C,COLDE
C,COLEHAAN
C,Coleman
C,colette
C,COLLABOTORY
C,COLLAGEGALLARDAGALANTE
C,COLLARS
C,collecala
C,collectivecirclebyJohnbull
C,COLLECTORS
C,CollenWilcox
C,collex
C,COLLONIL
C,COLONY2139
C,COLONYCLOTHING
C,Color
C,colorbathkitcen
C,colorbathkitchen
C,COLORS&chouette
C,COLORSbyJenniferSky
C,COLTESSE
C,Columbia
C,ColumbiaBlackLabel
C,ColumbiaMontrail
C,COLUMBUS
C,COLZA
C,COMECHATTO&CLOSET
C,COMESANDGOES
C,comfy
C,COMFYOUTDOORGARMENT
C,COMINGATTRACTIONS
C,COMMECACOMMUNE
C,COMMECAISM
C,CommecaMature
C,COMMECAMEN
C,COMMECICOMMECA
C,COMMONDUST
C,COMMONEDUCATION
C,COMMONPROJECTS
C,COMMONWARE
C,COMPLETEWORKS
C,conaffetto
C,conaffetto(original)
C,conaffetto(select)
C,CONVERSATIONS
C,CONCRETEDESIGN
C,Confirm
C,confiture
C,congespayesADIEUTRISTESSE
C,Coniglio
C,CONNADESIGN
C,connectM
C,Conqueror
C,contegoeyewear
C,Contour
C,contrabonepre
C,Controlfreak
C,CONVERSE
C,CONVERSE(PRODUCT)
C,ConverseAllStar
C,Converseskateboarding
C,CONVERSESTARS
C,CONVERSETOKYO
C,CONVEX
C,Coo+i
C,COOCO
C,Coohem
C,CookieChocolate
C,COOKMAN
C,COOMB
C,COON
C,COOOPER
C,CooperstownBallCap
C,COP
C,coperto
C,CopperPearl
C,Coralveil
C,Corazon
C,CORDURA
C,COREFIGHTER
C,CORGI
C,CORISCO
C,CORKCICLE
C,CORNERS
C,CORNICHE
C,CORNILLON
C,CORONA
C,CORPUS　SELECT
C,CORPUSTOKYO
C,CORSOROMA，9
C,CosmeKitchen
C,COSSHI
C,COSTANOVA
C,CoSTUMENATIONAL
C,COTEMER
C,Cote&Ciel
C,COTORICA.
C,cotricgarden*
C,COTTAGE
C,COTTO
C,COTTYBAG
C,Coucou
C,coucoumanon
C,COULEURVARIE
C,COUPDECHANCE
C,coupdegrace
C,couturebrooch
C,COVERNAT
C,COVERT
C,COVERTORG
C,COWDEN
C,COZYCOCOON
C,CPSHADES
C,CPH
C,C-PRIME
C,CRAFTSTANDARDBOUTIQUE
C,CRAIGGREEN
C,cramp
C,CRAMSHELL
C,crane
C,CRANK
C,CRAPEYEWEAR
C,CrawlingDeath
C,CRAZYCREEK
C,CreamChantilly
C,CREAMCOMPANY
C,Creed
C,CREME
C,CREOLME
C,CREPPROTECT
C,crepuscule
C,CrescentDownWorks
C,Cricket
C,CRIMIE
C,Crisp
C,CristianoRossani
C,cristofoli
C,CRITIC
C,CROCKETT&JONES
C,crocs
C,croire
C,CROIXROYAL
C,CROOTS
C,CROSS
C,CROSS&STITCH
C,CROSSCOLOURS
C,CROSS/PHONEZ
C,CROSSLEY
C,CROWDEDCLOSET
C,CROWN
C,CROWNCAP
C,CROWS
C,Crowz
C,CRUCIANI
C,crump
C,CRUUM
C,CRYSTALBALL
C,csT&P
C,Ctr1
C,Ctrlfreak　
C,CUBbyKRIFFMAYER
C,CUBESUGAR
C,cucuri
C,cuff
C,cui-cui
C,CUISINEHABITS
C,CuldeSac
C,CULLNI
C,CultGaia
C,CULTSTAR
C,Culture
C,CULTUREBYDESIGN
C,CULTUREMART
C,CultureMedium
C,CupidHeart
C,Curensology
C,CURIBISCUI
C,Curiace
C,Curly
C,CURRENT
C,CURRENT（Korea）
C,CURRENTAGE
C,CURSUSVICTUS
C,CUSTOMCULTURE
C,CUT
C,CuteCute
C,CutieBlonde
C,CYAARVO
C,CYCLAS
C,CYCRO
D,DBYDADWAY
D,dprogram
D,Dting
D,D.A.T.E.
D,D.fesense
D,D.I.J.
D,D.M.G.
D,D1MILANO
D,d3d5
D,daboro
D,DaddyOhDaddy
D,DADWAY
D,dahl'ia
D,Dailyrusset
D,DAILYSTANDARDbySANDINISTA
D,DAIWA
D,DAKINE
D,DAKOTAWATCH
D,DAL
D,Dalfwin
D,D'amicobologna
D,DAMIRDOMA
D,DAMMY
D,Damus
D,DANAFANEUIL
D,DANGSHADES
D,DANIELJOHNSTON
D,DanielPatrick
D,DanielWellington
D,Daniel＆Bob
D,DANIELEALESSANDRINI
D,DanieleLepori
D,Daniella&GEMMA
D,DANIELLENICOLE
D,DANKESCHON
D,Danner
D,DANSSONPOCHE
D,DANSKIN
D,dansko
D,Danton
D,darial
D,Darich
D,DARNTOUGHVERMONT
D,Date.
D,DATUM
D,DAVIDAUBREY
D,DavidWatts
D,DayandGrade
D,DAYCLOSET
D,Days
D,dazzlin
D,dbsw
D,DC
D,DCSHOES
D,DCBABYSONOFTHECHEESE
D,DEBONNEFACTURE
D,DeMartini
D,DEADTOURTRUCKING
D,deadman
D,DearBuddy
D,DEARLAUREL
D,DearPrincess
D,DEBB
D,DebutdeFiore
D,DebyDebo
D,DECADE
D,DECHO
D,decide
D,DECKE
D,DECORAGIRL
D,decorate
D,DECOYSINCE1981
D,DECOY＆CO.
D,Dedes
D,DEDESKEN
D,DEEP
D,DeepDyed
D,DeepLifestyleSupplyCo.
D,DeepaGurnani
D,def/focustokyo
D,DEFENDPARIS
D,Defilious
D,Defilious.Homme
D,DEICY
D,Dekillco
D,DELCONTE
D,DELADA
D,DELICIOUS
D,DELL'EST
D,DELON
D,DELUSIONLAND
D,DELUXE
D,DELYLE
D,DelyleNOIR
D,Demi-LuxeBEAMS
D,Demiurvo
D,Demodee
D,DEMYLEE
D,Denby
D,DENHAM
D,Denim&SupplyRalphLauren
D,DENIMBYVANQUISH&FRAGMENT
D,DENIMDUNGAREE
D,DENIMLAB
D,Denime
D,DenisColomb
D,DENTS
D,DEPACTUS
D,DEPT
D,DESPRES
D,DESCENTE
D,DESCENTEALLTERRAIN
D,DESCENTEPAUSE
D,Desert　Rose
D,DesignCustom
D,DesignLetters
D,DesignManifattura
D,DesignTshirtsStoregraniph
D,DESIGNWORKS
D,Desigual
D,Dessin
D,DessindeMode
D,destin
D,DESTRAD
D,DETAILS
D,DEUSEXMACHINA
D,DeuxiemeClasse
D,DEVASTATES
D,devadurga
D,DEVICE
D,DEVILOCK
D,devirock
D,DEWLUX
D,DICLASSE
D,DIADORA
D,diadoraHERITAGE
D,DiamondLayla
D,DIAMONDSTREET
D,DiamondSUPPLYCO.
D,Diasporaskateboards
D,DIAVEL
D,DICAS
D,Dickies
D,dictionary
D,didizizi
D,DiegoBellini
D,DIEMME
D,DIESEL
D,DIESELKIDS
D,DIETBUTCHERSLIMSKIN
D,DIFFUSER
D,DIGG
D,Dignitecollier
D,DILASH
D,DIMMAK
D,DIM.ECRES.
D,DIMALEU
D,DIMENSIONEdanza
D,dimorphotheca
D,DING
D,Diosfront
D,Dipite
D,DIRECTALPINE
D,DIRECTOIRE
D,DISCOTUESDAYS
D,Discoat
D,DISCOVERED
D,DISCUS
D,DISCUSATHLETIC
D,Disney
D,dispark
D,DISTINCTIONMEN'SBIGI
D,District
D,Dita
D,Diu
D,D'IVERSUSKITCHEN
D,DIVINER
D,Divinique
D,dix
D,DKNY
D,DLHEADWEAR
D,D-LOOP
D,DNL
D,doorganic
D,DOARAT
D,DOCHE
D,DOGLIMITED
D,DOGTOWN
D,doldy
D,DO-LEproject
D,dollupoops
D,DOLLYSEAN
D,Dolly&Molly
D,DOMA
D,domenicamattina
D,DOMENICO+SAVIO
D,DOMESTICUNDER
D,DOMINATE
D,DOMINATE（大きいサイズ）
D,DOMINGO
D,DOMINGOSELECT
D,DominiqueDenaive
D,DOMREBEL
D,Dondup
D,DONEEYU
D,DONKEYJOSSY
D,Donnaruma
D,DONOBAN
D,DONSJE
D,doobLondon
D,DOOPZ
D,DOPE
D,DorothyLang
D,DorryDoll
D,DOT&STRIPE
D,Dot＆StripesCHILD　WOMAN
D,DOUBLEJAPAN
D,DOUBLENAME
D,DOUBLERAINBOUU
D,DOUBLESTANDARDCLOTHING
D,DOUBLESTEAL
D,DOUBLE_B
D,doublet
D,DouDou
D,DOUGHNUT
D,DoulaDoula
D,DOUXARCHIVES
D,DOVERSTREETMARKET
D,DOWNONTHECORNER
D,DrDenim
D,DrMONROE
D,DrVranjes
D,DR.DENIM
D,Dr.Martens
D,dRA
D,DRAGON
D,DRAKE'S
D,dreaminthecradle
D,dreambaby
D,DREAMLANDSYNDICATE
D,DRESKIP
D,DRESSLAB
D,DRESSSTAR
D,DRESSUPEVERYDAY
D,DRESSCAMP
D,DRESSEDUNDRESSED
D,DRESSLAVE
D,DRESSSEN
D,DRESSTERIOR
D,drestrip
D,Drifter
D,DRKSHDW
D,DROITBELLO
D,Droitelautreamont
D,DROLEDEMONSIEUR
D,dropdropdrop
D,DRUMOHR
D,DRWCYS
D,DSPTCH
D,DSQUARED2
D,DSTREZZED
D,DtEinCalifornia
D,DUBBLEWORKS
D,Dubeige
D,DuckDude
D,DUCKDIVE
D,DUFA
D,DULDEVERRE
D,Dulcamara
D,DULCISREGALO
D,DULTON
D,DULUTHPACK
D,DulynKnitwear
D,d'unadix
D,DUNLOP
D,Dunno
D,DUNO
D,DURAMFACTORY
D,Durare
D,DURAS
D,durbuy
D,durfe
D,DUST
D,DUVETICA
E,Ehyphenworldgallery
E,EhyphenworldgalleryMANIA
E,e&t
E,e.m.
E,e.r.g*
E,e.sen
E,E.TAUTZ
E,EACH
E,EACH×OTHER
E,EagleCreek
E,earPAPILLONNER
E,EARIH
E,Earldom
E,EARLE
E,EARTHMADE
E,earthmusic&ecology
E,earthmusic&ecologyBlueLabel
E,EarthsBotanicsGARDENERS
E,EASTBOY
E,EASTPAK
E,EATME
E,ebaby
E,EBBETSFIELDFLANNEL
E,EBBETSFIELDFLANNELS
E,eberjey
E,EBLOA
E,EBLOUNA
E,EBONY
E,Ebonyivory
E,ECCO
E,EchoParkSurfSquad
E,eclectic
E,ECLIN
E,ECOALF
E,E-COME
E,ecostore
E,ecrier
E,Ecua-Andino
E,EdHardy
E,EDROBERTJUDSON
E,EddieBauer
E,Eddieetcherie
E,EDER
E,EDERSHOES
E,EDF
E,EDGESTYLE
E,EdgeCity
E,EdieTokyo
E,EDIFICE
E,EDIFICELABOUCLE
E,EDIFICE(CASIO)
E,EDiT
E,EDITCOLOGNE
E,EditSheen
E,EDIT.FORLULU
E,EDITION
E,EditionsM.R
E,EDITOR
E,EditorsDraw
E,EdittbyYECCAVECCA
E,EDT
E,EducationfromYoungmachines
E,EDWARDGREEN
E,EdwardJ
E,EDWIN
E,edwinahawl
E,EdwinaHorl
E,EEL
E,ef-de
E,EFFEBEAMS
E,EFFECTEN
E,egonagh'ai
E,EGOTRIPPING
E,EGOIST
E,EGOTRIP
E,ehkasopo
E,EIGHT&BOB
E,EimeeLaw
E,eimyistoire
E,Ein
E,eiπe
E,EKAL
E,ELcanek
E,ELNIDOFLIPS
E,ELPASOBlanket
E,EL-DIABLO
E,ELDORESO
E,ELECTRIC
E,ELEMENT
E,ELENCAREDUE
E,ELENDEEK
E,Elenore
E,ElephantBlanc
E,elephantTRIBALfabrics
E,EleSac
E,eleunanilaple
E,ELEVENPARIS
E,eleventy
E,ELIN
E,ELIXIR
E,ELIXIRREFLET
E,ElizabethandJames
E,ELIZABETHPARKER
E,ELK
E,ELLE
E,ELLEennoir
E,ELLEHOMME
E,ELLEPLANETE
E,ellesse
E,Elliatt
E,Ellioti
E,ElliottMann
E,ELLTE
E,ELM
E,ELSY
E,ELVIOZANON
E,ElvisLuce
E,emTULLE
E,emanar
E,Emerica
E,emesuelee
E,EMMACLOTHES
E,EMMANOVEMBER　
E,EmmaTaylor
E,EMMELREFINES
E,EMMETI
E,emmi
E,EMODA
E,EMOOR
E,EMOTIONPLANET
E,EMPORIOARMANI
E,EMPORIOARMANIEA7
E,emsexcite
E,EMUAustralia
E,EnPunto
E,enrecre
E,ENROUTE
E,EnserioTOKYO
E,enshallah
E,Enasoluna
E,enchanted
E,enchantedprima
E,endevice
E,Eneak
E,ENER
E,eness
E,ENGAGEMENT
E,EnharmonicTAVERN
E,enjoi
E,EnsWear
E,ensemble(皮革ブランド)
E,ENsMOL.
E,ENTRA
E,ENTREAMIS
E,entresquare
E,ENTRYSG
E,ENVYM
E,ENZOBLUES
E,ENZOBONAFE
E,ENあしながおじさん
E,epimie'pimmy
E,"EpisodeNo.,"
E,EPOCA
E,EPOCATHESHOP
E,EPOCAUOMO
E,Epoi
E,EppersonMountaineering
E,EPTM
E,EQUIPMENT
E,equo
E,er:cheer
E,erfurt
E,ergobaby
E,ERIBE
E,ERICCARLE
E,ERIKACAVALLINI
E,ERIKACAVALLINISEMI-COUTURE
E,ERIN
E,ErmenegildoZegna
E,eRouge
E,ERRICOFORMICOLA
E,ErrisVictoria
E,ES
E,ES:S
E,Escadrille
E,ESCAR
E,esche
E,Esime
E,ESMERALDA
E,ESPECIA
E,Esperanto
E,ESPERANZA
E,ESPOIR
E,ESSENTIALDESIGNS
E,ESSENTIALGARMENTMEN'SBIGI
E,estaa
E,ESTELLE
E,estellon
E,ESTNATION
E,ESTO
E,EtgrenierbySamansaMos2
E,ete
E,etebijoux
E,Ethno
E,ETHNOTEK
E,ETHOS
E,ETHOSENS
E,etnies
E,EtoileIsabelMarant
E,ETRECECILE
E,ETRETOKYO
E,ETRO
E,ETTINGER
E,ETUDES
E,"EU,USNEWBALANCE"
E,EUCLAID
E,EUROPEANCULTURE
E,EuroSCHIRM
E,EVENFLOW
E,EVERAFTER
E,evercloset
E,EverColor
E,EVEREST
E,EVERLAST
E,eversince
E,EVEXbyKRIZIA
E,EVILMONITO
E,EvisenSkateboards
E,EVLOVE
E,EVOL
E,EVOLG
E,EVOLUTION
E,EVRIS
E,ewers
E,exclamation
E,EXIO
E,EXIT
E,EXPANSIONINC.
E,ExpertHorror
E,ExquisiteJ
E,extra　XⅢ
E,EXTREMEZ
E,EYEAM
E,EYEGENICbyEverColor
E,EYEVAN
E,Eyevol
E,EYLE
E,EYTYS
E,EZUMi
F,FbyROSSO
F,Forganics
F,F.C.RealBristol
F,F.LLIGIACOMETTI
F,F.McGREGOR
F,F.O.KIDS
F,F.O.U
F,F.S.Z
F,F.W.C
F,F/CE.
F,FABHUG
F,FABIORUSCONI
F,FABOS
F,FABRICK
F,FABRICO
F,FABRIK
F,FABRIQREPORT
F,FABRIQUEenPlaneteterre
F,FabrizioDelCarlo
F,FabulousAngela
F,FACCIES
F,FACETASM
F,FACT.
F,Factor=
F,FACTOTUM
F,FACTRUTH
F,fafa
F,FAGASSENT
F,FAIRFAX
F,FAITHCONNEXION
F,FalieroSarti
F,FALKE
F,familife
F,FAMOUSSTARSANDSTRAPS
F,Fanaka
F,Fanatics
F,FANEUIL
F,Fanmail
F,FanoStudios
F,FantasticDays
F,FANTASTICMAN
F,Fantasy
F,FAREASTLOCALMADE
F,FAREASTERNENTHUSIAST
F,FARIS
F,FARM
F,FARMY
F,FARO
F,FAS(FunArtsStudio)
F,FashionLetter
F,Fashionista
F,FAT
F,FATMOOSE
F,Fate
F,Fatimamorocco
F,FATRAS
F,FATTORSETA
F,FauxPasParis
F,FAUXreal
F,favori
F,favorivienouvelle
F,FDMTL
F,FEATHEREDFRIENDS
F,FEDELI
F,feee
F,FeeL
F,feelsoeasygoodthingsforrelaxing
F,FEERICHELU
F,feiler
F,FEKETE
F,FELCO
F,feliamo
F,Felisi
F,felkod
F,FELLINI
F,Femii
F,FEMINDTOKYO
F,femininecafe
F,FEMMENT
F,FENDI
F,FENNEC
F,fennica
F,FENTYPUMAbyRihanna
F,FENUA
F,FernandLeather
F,FERRANTE
F,FERRUCCIOVECCHI
F,fes
F,Fetia
F,fev
F,FFIXXEDSTUDIOS
F,"Ficce,Brave"
F,ficouture
F,FICTIONTOKYO
F,FIDELITY
F,FIELDNOTES
F,fieldwork
F,fifth
F,figＬondon
F,FIG&VIPER
F,FIGURE
F,FiiiiiSH
F,FILDEFER
F,FILA
F,FILAHERITAGE
F,Fileused'Arvor
F,FILLTHEBILL
F,Fillil
F,FILLINGPIECES
F,FilMelange
F,Filomo
F,FILSON
F,Filt
F,Fin
F,Finamore
F,FIORELLI
F,Fiorio
F,FIORONI
F,FIREKING
F,fireservice
F,FIRSTDOWN
F,FishermanOutofIreland
F,FITMIHARAYASUHIRO
F,Fitbit
F,fitflop
F,FITH
F,FITME
F,FIVEBROTHER
F,FIVEBROTHER
F,Fizz
F,FJALLRAVEN
F,FjallravenKanken
F,FJALLRAVENTRAVEL
F,FLimportcollection
F,FLAGbyALEXIASTAM
F,FLAGSPORT
F,F-LAGSTUF-F
F,flake
F,FLAMAND
F,FLANMY
F,FlapStack
F,FLAPPER
F,flapper_bags
F,FLASHPACKER
F,FLATLIFE
F,FleaStore
F,FleaStoreVegetal
F,Fleur
F,FLEURDEKALINA
F,FleurdesChamps
F,FLEXFIT
F,flexin
F,FLICKA
F,FLIGHT001
F,FLIPTHESCRIPT
F,FLISTFIA
F,FLO(A)TUS
F,FLOJOS
F,Flolia
F,FLORINABEAUTE
F,florist
F,flower
F,FlowerMOUNTAIN
F,Flowfold
F,flowriri
F,Floyd
F,flua
F,flufeel
F,FLUID
F,FlukeFrog
F,flune
F,FLUX
F,FLYINGHORSE
F,fobPARIS
F,FOCUS
F,FocusedSpace
F,FOGESSENTIALS
F,Folk
F,folklore
F,FolliFollie
F,FOLLOW
F,folna
F,FONCE
F,FONDERIA
F,Fone
F,footthecoacher
F,FOOTSTOCKORIGINALS
F,FORK&SPOON
F,formforma
F,Formelavraisforme
F,fortpoint
F,FortUmbrella
F,forte_forte
F,FOSSIL
F,FOSTEXGARMENTS
F,FOTOFOLIO
F,foun.
F,FountainBLUE
F,FOV
F,FOXUMBRELLAS
F,Foxfire
F,FOXFORD
F,FPM
F,FR(13)NDS
F,FR2
F,fragmentdesign
F,Fraizzoli
F,Frame
F,FRAMEDENIM
F,framesRAYCASSIN
F,FRAMeWORK
F,frandelingerie
F,FrancTemps
F,FRANCESCA
F,FRANCESCO
F,Francfranc
F,franchelippee
F,franchelippeeblack
F,FranCisT_MOR.K.S.
F,FRANCOBASSI
F,francominucci
F,frangipani
F,FRANKDANDY
F,FRANKLEDER
F,Frank&Eileen
F,frankiemorello
F,FRANKLIN&MARSHALL
F,FRAPBOIS
F,FRAPBOISZOO
F,FRAYI.D
F,FREAK'SAMERICA
F,FREAK'SSTORE
F,Fred
F,FREDPERRY
F,Frederick
F,FREDRIKPACKERS
F,fredyemue
F,FREDYMAC
F,fredyrepit
F,FREDY&GLOSTER
F,FREEBLUES
F,FREEDEE
F,FREEFISH
F,FREEGATE
F,FREELANCE
F,FREEPEOPLE
F,FREESTYLISTS
F,Free&Easy
F,FREEDOMARTIST
F,FREEDOMMOSES
F,FREEDOMADE
F,FREEMANSSPORTINGCLUB
F,FREE'SMART
F,FREESEAM
F,Freestyle
F,freewaters
F,FREI
F,FreiEA
F,FREIHEIT
F,Fremd
F,FrenchBull
F,FrenchTeo
F,FRESCOTOWELS
F,FRESHJIVE
F,fridge
F,FROMTHEGARRET
F,FRONTROW
F,FRP
F,FRUITCAKE
F,FRUITOFTHELOOM
F,FTC
F,F-TROUPE
F,Fuente
F,FUGA
F,FUHAM
F,Fuhlen
F,FUJITO
F,FUKAMI
F,Fukuske
F,Fullmarks
F,FULLOFGRACE
F,FULL-BK
F,FULLCOUNT
F,FULTON
F,FUMIETANAKA
F,FUN
F,Fun&Daily
F,FUNFredSegal
F,FUN/FOR/FICTION
F,FUNALIVE
F,FUNG
F,FUNSETOFART
F,fur.
F,Furbodesign
F,FURFUR
F,FURLA
F,furryrate
F,furuta
F,Futierland
F,FUTUR
F,FUVE
F,FUZA
G,G&FCo.
G,G.C.morelli
G,G.D.M(generaldesignmade)
G,G.D.N.
G,G.H.BASS&COMPANY
G,G.H.Hurt&Son
G,G.O.A.T
G,G.O.C
G,G.V.G.V.
G,G.V.G.V.FLAT
G,g;fifty
G,G2MIX
G,Gab.Bler
G,Gabicci
G,Gabo
G,GabrielaArtigas
G,Gadget
G,GAIJINMADE
G,GAIMO
G,GALA　GLOVES
G,GalaabenD
G,GALANCE
G,Galeri&Culata
G,GALERIEVIE
G,GALFY
G,GALLARDAGALANTE
G,GALLEGODESPORTES
G,GALLERIANT
G,GALLERYCOMPACT
G,Gallery1950
G,Gallipolicamiceria
G,GALLISADDICTION
G,GALSIAMARKEZ
G,galvanize
G,game　SELECT
G,GANESH
G,GANTRUGGER
G,GAP
G,GARA
G,Garage
G,garconlaraison
G,GardenofEden
G,GARDENTOKYO
G,gargle
G,GARMENDI
G,GARMIN
G,GARNI
G,garsonwave
G,GARSPORTS
G,garuglieri
G,GaryMurton
G,GASBIJOUX
G,GASIUS
G,GASTONLUGA
G,GAViC
G,GAZIL
G,GCDS
G,GDC
G,GeeRA
G,Geewhiz
G,gelatopique
G,Gem.
G,GemmyNewyork
G,GENEHEAVENS
G,GENERATOR
G,Genesis
G,GENEVAサウンドシステム
G,Genri
G,GEORGECOX
G,GEORGE'S
G,GERMANTRAINER
G,GERMANO
G,GERRY
G,GETBACKSUPPLY
G,GETABACO
G,GGD
G,GGDSELECT
G,GHOSPELL
G,GHURKA
G,Giab's
G,giab'sARCHIVIO
G,GIANNETTO
G,GIANNICHIARINI
G,GIANNINOTARO
G,GIANNIRUSSO
G,GIANNIVALENTINO
G,GibsonLondon
G,gicipi
G,GIERRE
G,GIGI
G,GILD
G,GILDAN
G,gilet
G,gim
G,GINGER
G,GINGERALE
G,GIORDANO
G,GIORGIAMILANI
G,GIORGIOBRATO
G,GIORGIOMASONI
G,giovanni
G,giraffe
G,GIRBLISH
G,GIRL
G,GiRLSbyPEACHJOHN
G,GirlyDoll
G,GIRO
G,GITMANBROS.
G,GITMANVINTAGE
G,GIUDI
G,giuliettabyPonteVecchio
G,GIULIETTAVERONA
G,GIVENCHY
G,Gizmobies
G,glabella
G,GLACIER
G,glamb
G,GLAMBbyglamb
G,glambmini
G,GlangesRoots
G,GLAZOS
G,GLEAN＆Co.
G,GLENCLYDE
G,GLENHERITAGE
G,GlenPrince
G,GLENCHECKOriginal
G,Glencroft
G,GLENROYAL
G,GLIMCLAP
G,GLITCH
G,GLITGE
G,GLOBALFORMECONCRETE
G,GLOBALWORK
G,GLOBBER
G,GLOBE
G,GLOBESELECT
G,GLOBE-TROTTER
G,GloriaCords
G,GLORY
G,glorycrew
G,GLOSTER
G,glou
G,Gloverall
G,GLUTTONOUS
G,gmt
G,gnocco
G,goslowcaravan
G,GOTOHOLLYWOOD
G,GOHEMP
G,GOLD
G,GOLDENBAMBOO
G,GOLDENGOOSE
G,GOLDSIGN
G,GOLDWIN
G,GOLDY
G,GOLLA
G,gomme
G,GOMMEHOMME
G,Gomu56
G,gonoturn
G,GOOD￥ELLA
G,GOODDEAL
G,GoodLife
G,GOODMORNINGTAPES
G,GOODOL'
G,GoodOn
G,GOODROCKSPEED
G,GOODSPEED
G,GOODWEAR
G,GOODNESS
G,GOODPARIS
G,Goodwear
G,GoodyGrams
G,GoodyGramsAdd
G,GOORINBROTHERS
G,GOOSSENSPARIS
G,GORDONMILLER
G,GOSH
G,gossip！ロサンゼルス
G,GOSTARDEFUGA
G,GOUACHE
G,GOWN&FOUNDATION
G,GRABINHOLLYWOOD
G,Grace
G,GRACEbyGOODYGRAMS
G,GRACE&MILA
G,graciouslapin
G,GRADE
G,GRAMAS
G,GRAMICCI
G,GranSasso
G,GRANDGLOBAL
G,GrandPARK
G,GRANDPHASE
G,GRANDROYAL
G,grandcanyon
G,GRANDEFOOTBALLPRODUCTS
G,Grandeir
G,GRANDEURPLUS
G,grandfleur
G,GRANDMAMAMADAUGHTER
G,GraniteGear
G,GrannyBranket
G,grapevinebyk3
G,Gravevault
G,gravis
G,gravity
G,GRAY
G,GRAZIANA
G,GreadyBrilliant
G,GREATBARRIERISLANDBEE
G,gredecana
G,green
G,GREENBOWL
G,greenlabelrelaxing
G,GreenParks
G,GREENCLOTHING
G,GREENDALEGARNET
G,GREGORY
G,GRENFELL
G,GRIEZ
G,GRILLO
G,GRIMEY
G,GRINBUDDY
G,GRINDLONDON
G,GRIPGLAPP
G,GRIPSWANY
G,grips
G,GRIZZLY
G,grn
G,GROOVYCOLORS
G,groundgreenstore
G,GROUPIE
G,grove
G,GROVESEOUL
G,GROWN&SEWN
G,Growthbyintheattic
G,G-SHOCK
G,GSI
G,g-stage
G,G-STARRAW
G,GTA
G,GUACAMOLE
G,guanabana
G,GUCCI
G,Gudrun&Gudrun
G,GUERCILENA
G,Guernsey
G,Guess
G,GUESSbyMarciano
G,GUESSGREENLABEL
G,GUESSORIGINALS
G,GUIDI
G,GUIDI&ROSELLINI
G,GUILDPRIME
G,GUILLAUMOND
G,GUIONNET
G,Gumbies
G,gunda
G,GUNGHO
G,GunnJohansson
G,GUNZE
G,Guranisuta
G,GURIGURI
G,GUSCIO
G,GUSCIOUOMO
G,GUSHLOW&COLE
G,GUSTAVO
G,GUYROVER
G,GYDA
G,gymmaster
G,GYMPHLEX
G,GYPSYCLOTH
G,GYPSY&SONS
H,H　BEAUTY&YOUTHUNITEDARROWS
H,H.A.K
H,H.A.N.D.
H,H.coat
H,H.I.PbySOLIDO
H,H.KATSUKAWA
H,H.TOKYO
H,H.UNITSTORELABEL
H,HABANOS
H,HACHE
H,HACHI
H,haco!
H,Haculla
H,HafaL
H,HAGLOFS
H,HAIDERACKERMANN
H,HAIGHT
H,HAIRDESIGNACCESS
H,HAKKA
H,hakkababy
H,hakkakids
H,HAKUJI
H,HALB
H,HALCYON
H,HALEINE
H,HALEIWAHAPPYMARKET
H,HALFTRACKPRODUCTS
H,HALFMAN
H,HALHAM
H,HALIN
H,HALMANERA
H,halocommodity
H,halon
H,HamblebyParAvion
H,Hamee
H,HAMILTON
H,HANKJOBENHAVN
H,HanaOkuzawa
H,Hanaa-fu
H,HANDROOM
H,handvaerk
H,HANES
H,HANGESHOW
H,HANGTEN
H,hankypanky
H,HaNT
H,HANWAY
H,HANZBON
H,HAPPYEARS
H,HAPPYFACE
H,HappyJohn
H,HappySocks
H,HAPPYSWEEDS
H,Happy&Sac
H,hardcover
H,HARDY&PARSONS
H,HARDYNOIR
H,HARE
H,harimari
H,Harikae
H,HARIM
H,HARLEMROUNGE
H,HARLEY
H,HarleyofScotland
H,Harley-Davidson
H,Harpo
H,HARRISTWEED
H,Hart
H,HARUSAKU
H,HARUSAKUCC
H,HARUTA
H,HARVARD
H,HARVESTLABEL
H,HARVESTY
H,Harveyfaircloth
H,Hasek
H,Hashibami
H,HASHTAG9
H,HATattack
H,HAT　MUSTACHE　RIBBON
H,HATHAKRAMA
H,hats&dreams
H,HATSTORY
H,HAUD
H,haupia
H,HAUSGOLDENGOOSEDELUXEBRAND
H,HAV-A-HANK
H,havaianas
H,HAVERSACK
H,HawkCompany
H,Hawkins
H,HBNS
H,HEAD
H,HEADLIGHT
H,HEADROCK
H,HEALINGPOT
H,Healthknit
H,Healthydenim
H,Heather
H,HEAVENJapan
H,HEDMAYNER
H,HEDIN
H,HelenKaminski
H,Helinox
H,HELIOPOLE
H,HELIOSSANDALS
H,HELK
H,HELLOCALIF
H,HELLOshiso
H,hellolulu
H,HELLYHANSEN
H,HeM
H,HEMING'S
H,HENCKELS
H,HenderScheme
H,HENRIENVARGO
H,HenrikVibskov
H,HENRYLONDON
H,HENRY&HENRY
H,HERCLOSET
H,HERBERTFRERESOEUR
H,Hercheek
H,Herden
H,HERENCIA
H,HERISSON
H,HERITAGELEATHER
H,Heritagestone
H,Hermaphrodite
H,HERMONT
H,HERMOSA
H,HERNO
H,HERRINGBONECLUB
H,HerschelSupply
H,HEVO
H,HIDEAWAYSNICOLE
H,HIDEAWAYS（大きいサイズ）
H,HIGHSTREET
H,highking
H,HIGHLAND2000
H,HIGHLANDTWEEDS
H,HIGHTIDE
H,HILFIGERDENIM
H,HILLEBERG
H,Hilltop
H,HILTON
H,HinaDayGreen
H,HinaGreenLabel
H,hinthint
H,HIPANEMA
H,HippodromeStudio
H,HIPS
H,HIPSHOP
H,HIRICA
H,HIROB
H,HIROKOHAYASHI
H,hiromichinakano
H,HIROSHITSUBOUCHI
H,histoire
H,HITCHHIKE
H,HITCHHIKEMARKET
H,HI-TEC
H,hivesalon
H,HLAADA
H,HLM
H,HLNA
H,hobo
H,HOFMANN
H,HOGANRANCHWEAR
H,HOKAONEONE
H,HOLDEN
H,HOLIDAY
H,HOLLINGWORTHCOUNTRYOUTFITTERS
H,HOLLOWAVE
H,HOLLYWOODMADE
H,HOLLYWOODROGERCLUB
H,HolubarMountaineering
H,HombreNino
H,Homeyland
H,homspun
H,honey
H,HoneyCinnamon
H,HONEYSALON
H,Honeys
H,HONKYTONK
H,Honnete
H,HONNS
H,HonourOvation
H,HONTO
H,HOODBYAIR
H,HOOK
H,HOPE
H,Hoppetta
H,HORAMA
H,HORISAKI
H,HORNG.M.T
H,HOSIS
H,HOSU
H,HOTBISCUITS
H,HOTDEW
H,HOTPING
H,HOTSOX
H,HOUDINI
H,HouseofBlues
H,HouseofSunny
H,HOUSEOFTHEVERYISLAND'S
H,House_Commune
H,HOUSTON
H,H-rem/museum
H,HTC
H,Hub&Spoke
H,HUF
H,HUGO
H,HUGOBOSS
H,HulaLani
H,hulis
H,hum
H,HUMANWOMAN
H,HUMANOID
H,hummel
H,HUMMELHIVE
H,HUNCH
H,hunersdorff
H,hungryheart
H,HUNT9
H,HUNTER
H,HuntingWorld
H,HUNTISM
H,HUNTSMAN
H,Hurley
H,HURRICURRI
H,HUS.
H,HusHusH
H,HVC
H,HYDROFLASK
H,HYDROGEN
H,HYDRO-TECH
H,HYPERGRAND
H,HYPERSTRIKE
H,hypnotizeworks
H,Hysteria
H,HYSTERICGLAMOUR
H,HYSTERICMINI
I,I　amI
I,IamIinfact...
I,IAMTHEWATCH
I,Ican
I,IEye's
I,IHATEMONDAY
I,ILoveMrMittens
I,IMEDICI
I,Iplaybabywear
I,I&ME
I,i.o
I,IACUCCI
I,iamnotahumanbeing
I,IanStevenson
I,IBELIV
I,iBLUES
I,ICEAGE
I,ICEWATCH
I,ICEBREAKER
I,ICECREAM
I,ichi
I,ICHIMILEGRATORY
I,ICOJEENE
I,IDEA
I,IDEALABEL
I,IdeaLabelBYBRUNO
I,idealismsound
I,ideasandPAINTING
I,IEDIT
I,IENA
I,IENALABOUCLE
I,IENKIIENKI
I,IFSIXWASNINE
I,iFace
I,IFME
I,Ifuru
I,IGNIO
I,IGNOREDPRAYERS
I,igor
I,ihomi
I,IKEBEHAR
I,ikka
I,IKKALOUNGE
I,ikkuna/suzukitakayuki
I,IKOH
I,ikot
I,ILBISONTE
I,IlRegalo
I,ilsandaloofcapri
I,iliannloeb
I,ILL'S
I,IMAC
I,imp.
I,Import&Select
I,improves
I,intheattic
I,INTHEHOUSE
I,INARI
I,INASTUDIOS
I,INASTUDIOSZOO
I,incase
I,INCEDE
I,INCHWORMALLEY
I,INCOCO
I,INCOTEX
I,INDEPENDENT
I,INDEPENDENT(WATCH)
I,INDERAMILLS
I,index
I,INDIAN
I,IndianJewelry
I,Indicum
I,INDISPENSABLE
I,INDIVI
I,INDIVIDUALIZEDSHIRTS
I,INDUSTRYOFALLNATIONS
I,INED
I,INEDL
I,INES
I,INES&MARECHAL
I,INFIELDERDESIGN
I,Influence
I,ing
I,INGEBORG
I,INGLOTT
I,INGNI
I,INGRESSO
I,INISMEAIN
I,INK/インク
I,INLET
I,INNOCENTBLUE
I,In-N-OutBurger
I,innova
I,innovator
I,innowave
I,INN-STANT
I,INNUE
I,inov-8
I,INSCRIRE
I,INSHORE
I,INSILENCE
I,INSOMNIAC
I,InsonniaPROJECTS
I,INSTANTFAME
I,InstantFunk
I,instantsupplyco
I,INTEGRATE
I,INTERFACTORY
I,INTERBREED
I,inter-chaussures
I,InternationalGalleryBEAMS
I,INTERPLANET
I,INTERPLANETWINGS
I,interstaple
I,intoxic.
I,INUK
I,INVERALLAN
I,INVERT
I,INVERTERE
I,INYATI
I,IOPELLE
I,IonicBreeze
I,IPANEMA
I,iphoria
I,iplay
I,ippo+ippo
I,iqmi
I,IriaAshimine
I,IRIELIFE
I,iriiri
I,Iris
I,IRIS47
I,IRODORI
I,irolier
I,IROMEKI
I,Iroquois
I,IRORBRILLIANTMARKET
I,irose
I,iSScoLar
I,ISABELBENENATO
I,ISABELMARANT
I,IsabellaBows
I,ISAMUKATAYAMABACKLASH
I,ISAORA
I,iscream
I,ISLANDSLIPPER
I,ISLANDTIDES
I,is-ness
I,ISOOK
I,ISS
I,ISSEYMIYAKE
I,issue
I,ITADAKI
I,ITEMSURBANRESEARCH
I,ithelicy
I,itowatokyo
I,ITS'DEMO
I,iTTi
I,ITTYBITTY
I,ItzyRitzy
I,IVANAhelsinki
I,IVOIRE
I,ivorycourt
I,IVXLCDM
I,IXOS
I,IZIPIZI
I,izumiBODYLABO
J,JBRAND
J,J&MDavidson
J,J.C.M
J,J.C.PENNEY
J,J.FERRY
J,J.O.T.T
J,J.PRESS
J,J.R.Watkins
J,JABURO
J,JACK&MARIE
J,JackBunny!!
J,JackGomme
J,Jackman
J,JACKROSE
J,JACKSONMATISSE
J,JACOBCOHEN
J,JACOBJENSEN
J,JACQUESLECORRE
J,Jade
J,Jagger
J,jakke
J,JALANSRIWIJAYA
J,JAM
J,JAM&LINK
J,JAMHOMEMADE
J,Jamale
J,JamesCharlotte
J,JAMESGROSE
J,JamesLock＆Co．Hatters
J,JamesMortimer
J,JAMESPERSE
J,Jamgarden
J,Jamieエーエヌケー
J,Jamieson'sofShetland
J,JAMIRAY
J,Jams
J,JAN＆JUL
J,JANESMITH/JOHNSMITH
J,JANESMITH
J,JANESSALEONE
J,Janod
J,JANSPORT
J,JAPANBLUEJEANS
J,JARLD
J,JASONMARKK
J,J'attacheorganic
J,Java
J,JEANGRISONIPOURVENDOMEAOYAMA
J,JEANNASSAUS
J,JEAN_NERET
J,JEANASIS
J,JeanLouisFoures
J,JEAN-PAULKNOTT
J,JEANSFACTORY
J,JEANSFACTORYClothes
J,JEANSMATE
J,jeans-b
J,jeans-b2nd
J,jeeeen
J,JEFUNITED
J,JeffreyCampbell
J,JELISPOON
J,JELLYBEANS
J,JEMORGAN
J,JENNIbelle
J,JENNIlove
J,JenniferOuellette
J,JennyBYIMMANOEL
J,JEREMYSCOTT
J,JEROMEDREYFUSS
J,JERZEES
J,JesusTokyo
J,JET
J,JETEE
J,JETSETSOLOPLUS
J,JewCas
J,JEWEL
J,JewelAddictselect
J,JewelChanges
J,JewelclosetbyL&Co.
J,JewelnaRose
J,Jewelobe
J,JFReadyMade
J,Jgene
J,JHjunhashimoto
J,Jieda
J,JIGGYSSHOP
J,JihNunc
J,JiJitravail
J,JILKY
J,JILLBLAZE
J,JILLbyJILLSTUART
J,JILLSTUART
J,JIMRICKEY
J,JIMMYCHOO
J,JIMMYTAVERNITI
J,JIMMYZ
J,Jines
J,JINS
J,Jipijapa
J,JIPPON
J,Jiva
J,JIVELTA
J,JKM
J,JoGordon
J,JoannaMaxham
J,JOCELYN
J,Jocomomola
J,JOEPORTER
J,JOESZABO
J,joe&him
J,JoelleGagnard
J,JOE'SJEANS
J,JOEYFACTORY
J,JOEYHYSTERIC
J,Johnbranigan
J,JOHNCHAPMAN
J,JOHNELLIOTT+CO
J,JohnGalliano
J,JOHNHANLY
J,JOHNLAWRENCESULLIVAN
J,JOHNMASONSMITH
J,JohnScott
J,JOHNSMEDLEY
J,Johnbull
J,JohnbullPrivatelabo
J,JOHNNYWOLF
J,JOHN'SCLOSET
J,JOHN'SCLOTHING
J,JOHN'SSURF
J,JohnsonWoolenMills
J,Johnstons
J,JohnUNDERCOVER
J,Jointspace
J,JOINTWORKS
J,JOJO
J,JOKER
J,JOLI
J,JolieJoli
J,JolieToujours
J,jolipoche
J,JollyJury
J,Jordan
J,JORDANBRAND
J,jorgemorales
J,JOSEPHCHEANEY&SONS
J,JOSEPH&STACEY
J,JoshuaEllis
J,JoshuaSANDERS
J,Jouet
J,Jouete
J,jouetie
J,jourcouture
J,JOURNALSTANDARD
J,journalstandardFurniture
J,JOURNALSTANDARDJ.SHOMESTEAD
J,journalstandardL'essage
J,JOURNALSTANDARDLUXE
J,JOURNALSTANDARDrelume
J,JournalStandardTRISECT
J,JOYA
J,JOYRICH
J,JRDbyJARLD
J,JSHeartlavel
J,Jua＞R　dhi
J,Jubilee
J,JubileeFabric
J,JUCO.
J,JuetraLis
J,JUGLANS
J,JUHA
J,JuicyDrop
J,JUICYROCK
J,JuliaBoutique
J,JULIENDAVID
J,JULIUS
J,JULL-LOG
J,JULYNINE
J,JUNOKAMOTO
J,JUN&ROPE'
J,JUNCOParis
J,junes
J,Jungla
J,JUNGLESTORM
J,JUNGLES
J,junhashimoto
J,JUNIPER
J,JUNKFOOD
J,JUNKSTORE
J,JUNKFOOD
J,JUNOAH
J,JUNRed
J,jupebyjackie
J,JUPITER
J,jupiterBLACKLABEL
J,jurer
J,JUSGLITTY
J,JUSTABOUT
J,JUSTJINNY
J,JUSTINECLENQUET
J,JUTTANEUMANN
J,JUVENILEHALLROLLCALL
J,Juze
J,JVAM
K,KITO
K,k*
K,K.JACQUES
K,K.Spin
K,k3&co.
K,KAAM
K,KAANAS
K,KABEL
K,kaene
K,Kaepa
K,Kafika
K,KAGAFURIKAMAKURA
K,Kahiko
K,kaifragrance
K,Kaika
K,KAIKO
K,Kailijumei
K,kaiminnavi
K,kajsa
K,kakatoo
K,KAKSI
K,KALANCHOE
K,KalenBANNERBARRETT
K,KAMAWATCH
K,KAMILi
K,kana
K,KananaProject
K,KANATA
K,KANEKOOPTICAL
K,KaneZ
K,KANGOL
K,Kanken
K,kanmi
K,kanna
K,kansaiyamamoto
K,Kaon
K,kaoriplus＋
K,Kappa
K,KaptainSunshine
K,KAPTEN&SON
K,karakoramaccessories
K,KARENLIPPS
K,KARHU
K,KARIN
K,KarlDonoghue
K,KARLHELMUT
K,KARLKANI
K,KARLLAGERFELD
K,Karrimor
K,kartell
K,Kassiopea
K,Kastane
K,KataKoto
K,KateSpade
K,katespadenewyork
K,katespadenewyorkchildrenswear
K,Kateva
K,KATHARINEHAMNETT
K,KATHARINEHAMNETTLONDON
K,KATHARINEROSS
K,KATIELOXTON
K,KATO`
K,KATSUYUKIKODAMA
K,KAVU
K,Kaweco
K,KAWIJAMELE
K,KAYU
K,KAZUYUKIKUMAGAIATTACHMENT
K,KAZZUSELECT
K,KB-ETHOS
K,KBF
K,KBF+
K,Keds
K,KEEN
K,keishirahata
K,KeithHaring
K,Kelen
K,KELLSPORT
K,KELTY
K,Kemit
K,kenkagami×ZOZOTOWN
K,KENFORD
K,"KengoKuma+MA,YU"
K,KennethJayLane
K,KEnTe
K,KENZO
K,Kerrywoollenmills
K,kese-moi
K,KETAGUTMANE
K,KETO
K,ketty
K,kettycherie
K,KEY
K,kha:ki
K,Khaju
K,KHAKI
K,khakito
K,khalldesigns
K,KHATA
K,KHRIO
K,KIBITSUMI
K,KiCCOLY
K,KICHWORK
K,KICKSDOCUMENT
K,KICKYVILLAGE
K,KICSDOCUMENT.
K,KIDBLUE
K,KIDBOW
K,KIDEA
K,KidonaLab
K,KidsForet
K,KIDSLOVEGAITE
K,KidsZoo
K,KIFFE
K,KIIRA
K,KIIT
K,KIJIMATAKAYUKI
K,KIKKERLAND
K,kiko
K,KILKEEL
K,KIMONOMODERN
K,KIMONOMACHI
K,kinetics
K,Kinfolk
K,KINGOFROCK
K,KING&TUCKFIELD
K,Kingxbar
K,KINGZbySamanthaThavasa
K,Kinloch
K,KINTO
K,kipling
K,KIREI・WALK
K,Kirov
K,KIRSH
K,kiruna
K,kiryuyrik
K,kissora
K,kitson
K,KiU
K,KIWI
K,KIXSIX
K,kladskap
K,Klass14
K,KLASSE14
K,KLATTERMUSEN
K,KleanKanteen
K,KLEMAN
K,KLETTERWERKS
K,KLOKE
K,KLON
K,KLUANEMOUNTAINEERING
K,KMB
K,KMCDETAILS
K,KMRii
K,KnitMix
K,knockthroughabstraction
K,KNOT&BOW
K,knotyacht
K,KNOTT
K,KNOTTMEN
K,KNOWWAVE
K,KNOX
K,KOALAKICKS
K,KOBELETTUCE
K,Kocochi
K,kodemari
K,koe
K,koeaccessories
K,kOhAKU
K,KOI
K,KOISAMA
K,kolor
K,KOMORIGINAL
K,KOMONO.
K,KONRON
K,KONVINI
K,Koo-di
K,KopkaACCESSORIES
K,KotoDaMA
K,kotohayokozawa
K,KOTONA
K,KOYUDO
K,KOZAKH
K,KP
K,KPBOY
K,KPDECO
K,Kraso
K,KRIFFMAYER
K,KRIFFMAYERKid'sCollection
K,KRIFFMAYERLady'sCollection
K,krisnations
K,KseniaSchnaider
K,KSUBI
K,K-SWISS
K,KUBERA9981
K,KUBORAUM
K,KU-CROISSANT
K,KUCROMEN
K,kukkahippo
K,KUON
K,KUPU−KUPU
K,KURO
K,KUSTOM
K,kutir
K,kutirblack
K,KUUUPY
K,kvell
K,K-WAY
K,KWUU
K,KYOETSU
K,kyojimaruyama
L,LLEATHER
L,L＆Co.
L,L&HARMONY
L,L.A.ROXX
L,L.A.H.VendomeAoyama
L,L.B.M.1911
L,L.COPECK
L,L.E.D.BITES
L,L.G.B.
L,L.H.P
L,L.H.PPrivateBrand
L,L.JSMITH
L,L.L.Bean
L,L:ABRUKET
L,LABAGAGERIE
L,labelleEtude
L,LaBotteGardiane
L,LACASTA
L,Lacerisesurlechapeau
L,LACITTABIANCA
L,Lacle
L,Lacuoieria
L,lafarfaSHOES
L,Lagrandecouturieredetiara
L,lajeuneBoutique
L,LAmade
L,lamaisondel'espadrille
L,LaMaisondeLyllis
L,LaManualAlpargatera
L,LAMARINEFRANCAISE
L,LAMERCOLLECTIONS
L,LaPiece
L,lapochebiscuit
L,LaTenace
L,LaTOTALITE
L,LAVIEADEUX
L,laviedeLeory
L,LAVORAGINE
L,la.f…
L,La・comfy
L,LABORATORYBERBERJINR
L,LABORERSHOES
L,LABOURANDWAIT
L,LABRAT
L,LACVERT
L,lacausa
L,LaceLadies
L,LACEEQ
L,Lachement
L,LACOSTE
L,LACOSTEL!VE
L,LADONNA
L,Ladyworker
L,LadybugKIds
L,LADYMADE
L,LAETITIA
L,LAFATA
L,Lafayette
L,La-gemme
L,Lagimusim
L,LAGLAIA
L,LAGUAGEM
L,LAGUNAMOON
L,laidbacklondon
L,LairdHatter
L,LAISSEPASSE
L,LAKAI
L,LAKOLE
L,lalaBorn
L,LALIQUE
L,LALISH
L,LALO
L,Lamica
L,LANDbyMILKBOY
L,LANDLORD
L,Lands'End
L,LANGVERSIO
L,LANGELIQUE
L,Lanterna
L,LANVIN
L,LANVINcollection
L,LANVINenBleu
L,LAP
L,Lapis-miu
L,laportadizucchero
L,LAPS
L,Lapuis
L,LaraFlamingo
L,Laraaji
L,L'arcobaleno
L,LARDINI
L,LARKiNS
L,Larone
L,Larsson&Jennings
L,LASSU&FRISS
L,LASTCHANCESPORTSWEAR
L,LASTHEAVY
L,LaStella
L,LASTFRAME
L,l'atelierdusavon
L,LATESHOW
L,LATINA
L,L'Attitude
L,Laugoa
L,LAULHERE
L,Launalea
L,LAURAASHLEY
L,LAURADIMAGGIO
L,LAURAFABRIARZ
L,LauraLombordi
L,LAURENRALPHLAUREN
L,LAURENCE
L,LaurenceJSmith
L,L'AUTRECHOSE
L,LAUTREAMONT
L,LAVEANGE
L,LAVENHAM
L,L'avenue
L,Layday
L,LAYMEE
L,Lazar
L,LAZERBEAM
L,LAZYOAF
L,LAZYSUSAN
L,LazyTokyo
L,LBCLUB
L,LB/S
L,LBC
L,LbcwithLife
L,LDprime
L,Leberanmignon
L,LeBeretFrancais
L,Lechevalaile
L,LECIELBLEU
L,LECOQ
L,lecoqsportif
L,LECRABEROUGE
L,LeCreuset
L,LEGLAZIK
L,LEJOUR
L,LEMARCHEDEVIMPETSPRIS
L,LeMinor
L,LeMontSaintMichel
L,lerevevaniller
L,LeSansPareil
L,Lesemeur
L,LeSpecs
L,LeTalon
L,LeTricoteur
L,LeVernis
L,LeVoyageenPanier
L,le.coeurblanc
L,LE‘WORKWARE'
L,lea
L,LeaClement
L,LEAD
L,LEADWORKS
L,LeatherCrown
L,LEATHERSANDTREASURES
L,LEAXIA
L,LEBIG
L,Lee
L,LEEL
L,LEFF
L,LegatoLargo
L,LEGENDWALKER
L,LEGENDA
L,LEGO
L,LEGURUSSTANDARD
L,Leh
L,LEINER
L,Leja
L,LeleSadoughi
L,LEMAIRE
L,LEMINOR
L,Lemme.
L,LEMONJELLY
L,LEMPELIUS
L,Lene
L,LENER
L,LensConcave
L,LEON
L,LEON&HARPER
L,Lepidos
L,Lepo
L,LEPSIM
L,LES(ART)ISTS
L,LESACCESSOIRESCHARMANTSparnimes
L,Lesbonbon
L,lesBriqu'abraque
L,LESCINQLETTRES
L,LesItaliennes
L,LesPetitesChoses
L,LesSecretsLADUREE
L,LESTIEN
L,Lesiage
L,LeSportsac
L,LETITRIDE
L,Letra
L,Letroyes
L,LETTERFROMMOON
L,LEUCHTFEUER
L,Leur
L,leurlogette
L,LEUTUS
L,LEVENDIS
L,Levi’sMADE＆CRAFTED
L,Levi's
L,LEVI'SVINTAGECLOTHING
L,LEXDRAY
L,LEXXMODA
L,LFMARKEY
L,L'famme
L,LHELBIE
L,LIHUA
L,Liakulea
L,LiamHodges
L,Lian
L,LIBJOIE
L,Liberaiders
L,liberator-ops
L,LIBERTAS
L,Libertine-Libertine
L,LIBERTY
L,LibertyBell
L,LIBERTYCITY
L,LIBERTYHOUSE
L,LibertyDoll
L,liberum
L,Libra
L,LICICK
L,lideal
L,LIDNM
L,liendefamille
L,Liesse
L,LIFE
L,LifeSupportProducts
L,LIFE'SABEACH
L,liflattieships
L,LightningBolt
L,LikeSaturday
L,LILMOON
L,LILVENDARS
L,LilasCampbell
L,LiliLundi
L,LILIMEEK
L,LILICIOUS
L,LILIES&ROSES
L,lilLilly
L,LillyLynque
L,Lilou
L,Lilou＆Lily
L,LilyBrown
L,lilyofthevalley
L,Limittill2359
L,LIMONTA
L,LINCE
L,L'Indochineur
L,Lindsay
L,LINE8
L,LINEASTORIA
L,LINFA　
L,LingeriebyGeeRA
L,LINTON
L,LIONHEART
L,LIP
L,LIPSERVICE
L,LIPSTAR
L,LisaConte
L,LisaLarson
L,LiSS
L,lissiBoutique
L,LittaGlitta
L,LITTERlnfluenceofclusters
L,LITTLEACCESSORIES
L,LITTLEBEARCLUB
L,littleemblem
L,LITTLEGIRAFFE
L,LITTLEGRINBUDDY
L,Littlesunnybite
L,LittleThings
L,LITTLEUNION
L,LITTLEBIG
L,LIU・JO
L,Liveincomfort
L,LIVEINPERFECTUNION
L,LIVEN
L,LIVINGCONCEPT
L,LIXTICK
L,Liyoca
L,LIZLISA
L,lizziefortunatojewels
L,LMC
L,Loenvuelvo
L,Loake
L,LOANA
L,LOBOR
L,Locals
L,L'OCCITANE
L,LochcarronofScotland
L,Lock&CoHatters
L,LODGE
L,LODISPOTTO
L,LOEFFLERRANDALL
L,LOGOS
L,LOILO
L,LOKITHO
L,LolaHATS
L,LondonDenim
L,LondonPottery
L,LondonShoeMake
L,LONDONTRADITION
L,LONELY/論理
L,LONGCHAMP
L,LONSDALE
L,LookUp
L,LOOP&LOOP
L,LOOPWHEELER
L,LOOSEJOINTS
L,LOQ
L,LORENZO-MARI
L,LORI&JANE
L,LORINZA
L,LORO
L,LOSANGELESAPPAREL
L,Losau
L,lost
L,LOSTINALBION
L,lotholon
L,lotlamb
L,loti
L,LOTTO
L,Louches
L,LOUISFAGLIN
L,LOUISQUATORZE
L,LoulouWilloughby
L,LOUNGELIZARD
L,Loungedress
L,LOUPSBLANCS
L,Lourmarin
L,LOVEBYe.m.
L,LOVECATCONTEST
L,Love&Peace&Money
L,Lovege
L,LOVEHUNTER
L,loveil
L,LOVELESS
L,LOVETOXIC
L,LOV-INBouquet
L,LowPowers
L,LowBlowKnuckle
L,Lowealpine
L,LOWELLthings
L,LOWERES
L,LOWKICK
L,lownn
L,LOWRYSFARM
L,LPD　NEW　YORK　CITY
L,LQQKSTUDIO
L,LRG
L,LSScene
L,LTCK
L,LUCDNM
L,LucaGrossi
L,LUCAIACHINI
L,LUCA/LADYLUCKLUCA
L,LUCASJACK
L,Luccallena
L,LucienPellat-Finet
L,LUCIOVANOTTI
L,LUCIUS
L,LUDI
L,LUDLOW
L,Luftrobe
L,LuftrobedeLESOUK
L,LUGGNAGG
L,Luggage
L,LUGIVA
L,Lugnoncure
L,LUIGIBORRELLI
L,Lui's
L,luisgonzalo
L,LUKESTEPHENSON
L,LUKIA
L,Lulaofyearning
L,Lulu＆Arnie
L,LuluFROST
L,LuMia
L,LuminousLODISPOTTO
L,LUMIRA
L,LunaNatural
L,LUNO
L,LUON
L,LUPHIE
L,Luria4℃
L,LUSOR
L,LUSSOMALENA
L,LuuNa
L,Luvmaison
L,LuvableFriends
L,Luxe
L,Luxebrille
L,luxfort
L,luxluft
L,LUXSTYLE
L,LVEU.
L,Lyceemine
L,LYLE&SCOTT
L,LYLYERLANDSSON
M,Mbymionotis
M,Myu
M,M＆S
M,M.&VeL
M,M.C.ESCHER
M,M.deux
M,m.f.editorial
M,M.Fil
M,M.MOWBRAY
M,M.Nii
M,M.PStudios
M,m.soeur
M,M.U.G
M,m.y
M,M/MATTACHMENT
M,M＋RCNOIR
M,M･A･R･S
M,M2squared
M,machereCosette?
M,maarook
M,MAAT
M,mabu
M,MACALASTAIR
M,MACAROOON
M,MACBETH
M,maccheronian
M,MACHAKOS
M,MACKBARRY
M,Mackintosh
M,MACKINTOSHPHILOSOPHY
M,MACOBER
M,macocca
M,MACON&LESQUOY
M,MACPHEE
M,macromauro
M,MAD
M,MADFOOT
M,madeinstandard
M,MADEINUSA
M,MADMARS
M,MadovaGloves
M,madras
M,MAELYSLOUNA
M,MAFIA
M,Mafmof
M,Magia
M,MAGICMOMENTS
M,MAGICNUMBER
M,MAGICSTICK
M,MAGICALSTEPS
M,MAGIL
M,MAGILLLOSANGELES
M,Magine
M,Maglieparef-de
M,Magnu
M,MAHAGRID
M,MAHARISHI
M,Maiami
M,MAIDENNOIR
M,MAINATTRACTION
M,MAINBOOTH
M,MAINEBEACH
M,MAISONBENGAL
M,MAISONBirth
M,MAISONBOINET
M,MAISONCANVVAS
M,MAISONCHANTOISE
M,MaisondeBeige
M,MaisondeFLEUR
M,MaisondeInes
M,MaisondeRavi
M,MAISONDETHERESE
M,MaisondeVacances
M,MAISONEUREKA
M,MAISONFABRE
M,MAISONFLANEUR
M,MAISONHONORE
M,MAISONKITSUNE
M,MaisonMargiela
M,MAISONMIHARAYASUHIRO
M,MAISONmou
M,MAISONN.HPARIS
M,MAISONPERE
M,MAISONSCOTCH
M,MAISONSPECIAL
M,MAISONTOKYO
M,maison-vincent
M,MAJESTIC
M,MAJESTICFILATURES
M,MAJESTICLEGON
M,majestic365mil
M,MAJOLICAMAJORCA
M,MAKAVELIC
M,MAKEUP
M,MAKEUPFOREVER
M,MAKEYOURDAY
M,makerhood
M,Makers
M,MAKER'SSHIRTKAMAKURA
M,MALIBUSHIRTS
M,MalieOrganics
M,malla
M,Malle
M,mallelabrocante
M,Mallow
M,MAM
M,MAMIAN
M,MAMMUT
M,MAMORU
M,man&wood
M,MANA
M,MANAGER'SSPECIAL
M,MANASTASH
M,manavis7
M,MANDARINEBROTHERS
M,mando
M,MANEBU
M,MANGROVE
M,MANGROVEmiLitia
M,ManhattanPortage
M,ManhattanPortageBLACKLABEL
M,ManhattanRecords
M,MANIERA
M,manipuri
M,ManitobahMukluks
M,MANIUNO
M,MANU
M,MANUALALPHABET
M,MANUFACTUREDBYSailor's
M,MANYMORNINGS
M,maomade
M,MAPOFSKY
M,MAPTOTE
M,MAQuillAGE
M,marcielo.
M,MarYSol
M,MarbleLine
M,marblesud
M,MARBLEWALTS
M,MARBLES
M,MARCCAIN
M,MARCJACOBS
M,MarcelLassance
M,MARCHER
M,MARCOBIANCHINI
M,marcomasi
M,MARCOMONDE
M,MAREAERRE
M,Marearich
M,MARECHALTERRE
M,MARELLA
M,MAREUNROL'S
M,MARGARETHOWELL
M,MARGARETHOWELLidea
M,margaux
M,MARGESHERWOOD
M,mariclaire
M,MARIGIUDICELLI
M,MARIACARLA
M,MARIAJOBSE
M,MariaLaRosa
M,MARIARUDMAN
M,MARIAN
M,MarianneBatlle
M,MarieHill
M,MarieLaureChamorel
M,MARIEMILLER
M,MARIEBELLEJEAN
M,MARIED'OR
M,Marie-Louise
M,MARIHA
M,MarilynMoon
M,marimekko
M,MARINEDAY
M,MARINERO
M,MARIONGODART
M,MarionVidal
M,MARIONTOUFET
M,MARISAREY
M,MARITHE+FRANCOISGIRBAUD
M,MARJORIEBAER
M,marjour
M,MarkGonzales
M,MARKMCNAIRY
M,MARK&LONA
M,MARK&LONABLACKBOX
M,marka
M,markaware
M,MARKEY'S
M,MARKLESSSTYLE
M,MARK'S
M,marle
M,MARLENEJOBERT
M,MARLONFIRENZE
M,marmelo
M,marmeloDolce
M,Marmot
M,MARNI
M,MARQUEEPLAYER
M,MARQUESALMEIDA
M,MARQUI
M,MARROW
M,Mars
M,MARTINEALI
M,Martiniano
M,martinique
M,MARUTO
M,MarukoWorld
M,MARVEL
M,MARYALTERNA
M,MARYQUANT
M,MaryamNassirZadeh
M,Ma'ry'ya
M,MASACAHAT
M,MASANA
M,MASONPEARSON
M,MASON'S
M,MASSAUA
M,MassimoAlba
M,MASSIVESTORE
M,MASSNOUN
M,MASTERBUNNYEDITION
M,MASTERKINGZ
M,MASTERWORKS
M,MASTER&Co
M,masterkey
M,mastermindJAPAN
M,MASTERPIECE
M,master-piece
M,masyugirl
M,MASZY
M,matquotidien
M,MATATABI
M,MATCH&more
M,MATIAS
M,MATIX
M,MATRIOCHKA
M,MATSUNOGLASSBEADS
M,MatureFramework
M,MAUIandSons
M,MAURIZIOTAIUTI
M,MAUROdeBARI
M,MauroGrifoni
M,mauve
M,mauveBYSTELLAR
M,mauveSTELLARHOLLYWOOD
M,Mavenwatches
M,maxsix
M,mayblue
M,MAYDE
M,MAYGLOBE
M,MAYK
M,MAYOSPRUCE
M,mayoral
M,maypol
M,Mayree
M,MAYSONGREY
M,MazellbyBARNYARDSTORM
M,MBMN
M,McAlson
M,MCCOYSPORTSWEAR
M,McGREGOR
M,MCM
M,Me%
M,me&mecouture
M,me.luxe
M,meagratia
M,mean
M,MEANNUNA
M,meanswhile
M,MEDE19F
M,MEDICOMTOY
M,MEDICOMTOYLIFEENTERTAINMENT
M,medoviz
M,meduse
M,meenobabies
M,MEI
M,meJane
M,Melirich
M,meliebianco
M,MELINTREGWYNT
M,melissa
M,MelissaMcArthur
M,mellipou
M,MELLOWby.enchanted
M,mellowpeople
M,MELO
M,melple
M,MELROSEclaire
M,Melt
M,MembersOnly
M,MEMENTISM
M,memhim
M,MEN'SBIGI
M,MEN'SMELROSE
M,menue
M,Meow
M,Merd'ete
M,merclondon
M,merche
M,"mercibeaucoup,"
M,MERCURYDUO
M,MergeLA
M,merlot
M,MERLOTIKYU
M,merlotplus
M,merongshop
M,meroware
M,MERRELL
M,merrierBEAMS
M,merryjenny
M,merrymerry
M,MERVEILLEH.
M,Merzb.Schwanen
M,MesDemoiselles...
M,MESSAGERIE
M,METALJACKET
M,METALLICA
M,MEWNewYork
M,MEW'SREFINEDCLOTHES
M,MEZZO
M,mezzopianoJunior
M,MezzoPiano
M,MFK
M,MGV
M,Mhairi
M,MHL.
M,MiaBorsa
M,miatrim
M,miauchida
M,MialyMail
M,MIAN
M,MIANSAI
M,MICA&DEAL
M,MichaelJ.Drake
M,MICHAELKORS
M,MICHAELLINNELL
M,MichaelStars
M,MICHELKLEIN
M,MICHELKLEINHOMME
M,MICHIKOLONDON
M,MICHYEORA
M,mici
M,MICKEYMOUSE
M,Micsmile
M,MidiUmi
M,MIDIUMISOLID
M,MidlandFootWears
M,MIDNIGHTMOMENT
M,MIDWEST
M,MIEL
M,Miele
M,MIELIINVARIANT
M,mieno
M,miette
M,Miffy
M,mightyoriginal
M,MightyShine
M,Mignonjour
M,MIHARAYASUHIRO
M,mii
M,MIIA
M,miista
M,mikaninagawa
M,MIKAZKI
M,MIKIHOUSE
M,mikia
M,mikomori
M,MilaOwen
M,milaschon
M,milady
M,MILESTO
M,Milestone
M,MILFOIL
M,miliandeni
M,MILITARY
M,MILK
M,MilkSnob
M,MilkxSoda
M,MILKBOY
M,MILKFED.
M,milleblanc
M,millefilleclosetbyLODISPOTTO
M,MILLEREVE
M,MILLER
M,MILLET
M,millican
M,millieto
M,MILLIONCARATS
M,MillyMinis
M,Milok
M,MILOS
M,milsa
M,Mimi
M,mimipoupons
M,mimitoujours
M,MIMICAWE
M,MiminyPiminy
M,mimis
M,MIN
M,MINAU
M,MINDBLOW
M,mine
M,MINEDENIM
M,MINELAL
M,Minette
M,MiniMelissa
M,MiniRodini
M,MiniShatsu
M,minia
M,MINIMALCODE
M,MINIONS
M,MINITZ
M,minius
M,miniyu
M,MINKTOKYO
M,minkyme!
M,Minnetonka
M,MinoriTY
M,MINOTAUR
M,minsobi
M,mintjam
M,MINTCREW
M,mintdesigns
M,mionotis
M,MiracleBlanket
M,miraco
M,MIRIAMHASKELL
M,Mirisa
M,MirrorMirroronthewall
M,MIS
M,miszapatos
M,MISBHV
M,MISCHMASCH
M,MISERICORDIA
M,MISFITS
M,MISHKA
M,Mishky
M,MissGrant
M,missMIIA
M,MissPatina
M,MISSIONWORKSHOP
M,MISSONI
M,mistamista
M,MISTERGENTLEMAN
M,MISTICDUN
M,mistoaccessories
M,MistoForza
M,Mitch
M,Mitchell&Ness
M,mitis
M,Miulan
M,MIXJUICE
M,Mixingblue
M,MIXTA
M,MIXTO
M,MIXXDAVID
M,MIZU
M,MIZUIRO
M,mizuiroind
M,MIZUNO
M,MJUKA.
M,MKMICHELKLEIN
M,MKMICHELKLEINHOMME
M,MKT
M,MKTStudio
M,MLB
M,mline
M,MLMLabel
M,MM/ONE
M,MM6
M,MM9
M,mmts
M,mncRo
M,MNKR
M,mnml
M,m'no【エムノ】
M,moani
M,mobus
M,mocacouture
M,MOCEAN
M,MOCKBERG
M,MODAITALIANA
M,ModeetJacomo
M,MODEKAORI
M,ModeMarie
M,MODEROBE
M,MODELLO
M,modemdesign
M,MODERNISM
M,modfamily
M,Modify
M,MOEMISUGIMURA
M,MOGANA
M,MOHEDATOFFELN
M,MOHI
M,Moinonplus
M,moil
M,MoL
M,MOLBYMOREORLESS
M,MOLAK
M,MOLESKINE
M,Mollini
M,Mollusk
M,Molo
M,MOMA
M,moment+
M,momenteljewelry
M,MOMENTUM
M,momon
M,Moncherpigeon*
M,monLily
M,Moname
M,MONCLER
M,Mond
M,MONDAYEDITION
M,MONDEWORK
M,MONICA
M,MONIQUECHARTLANDbyGOODYGRAMS
M,MONITALY
M,MONKEYTIME
M,MONKEYBUSINESS
M,MONOCOMMECA
M,MONOBI
M,MONOEARTH
M,MONO-MART
M,Monro
M,MONSIEURLACENAIRE
M,MONSIEURNICOLE
M,MONTBLANC
M,MONTGOMERY
M,Montley
M,MONTMARTRE
M,mooi
M,mooimooi
M,MOOMIN
M,MOOMINBABY
M,MOONBAT
M,MoonStar
M,MOREORLESS
M,MORGAN
M,MORGANDETOI
M,MORGANHOMME
M,MORGANO
M,mormyrus
M,morno
M,Morris&Sons
M,MOSCHINO
M,MostlyHeardRarelySeen
M,Motecon
M,mother
M,MOTHERDENIM
M,MOTIVATE
M,motivestreet
M,MOTO
M,moujonjon
M,MOUNTAINEQUIPMENT
M,MOUNTAINHARDWEAR
M,MOUNTAINRESEARCH
M,MOUNTAINSMITH
M,mountainmania
M,MouRINGe
M,MOUSSY
M,MOUTRECONTAILOR
M,MOVIETEE
M,MOWGLISURF
M,moz
M,MPdiMASSIMOPIOMBO
M,MPSTORE
M,MR
M,MRHEARTS
M,"MR,LENOIR"
M,Mr.BATHINGAPE
M,MR.BOHO
M,Mr.COVER
M,MR.EVERYDAY`S
M,MR.OLIVE
M,MR.OLIVEE.O.I
M,m'sbraque
M,MSGM
M,MSML
M,MSPC
M,Msyuu
M,MtRAINIERDESIGN
M,MTV
M,muahmuah
M,MudPie
M,mudoca
M,MUHLBAUER
M,Mulet
M,mulinsen
M,mullerofyoshiokubo
M,MULO
M,munchkin
M,MUNGO&MAUD
M,Munich
M,Munsingwear
M,MURA
M,MURO
M,MUROEXE
M,MURUA
M,MUSE
M,MUSHER
M,MUSICTEE
M,MUSKCOLLECTION
M,musubib
M,muta
M,MUTURA
M,MUUN
M,MUVEIL
M,MUVEILWORK
M,MUZE
M,mwmw
M,MXP
M,mybeautifullandlet
M,MyFav.CHILDWOMAN
M,Myshawty
M,mySundayMorning...
M,MYTHINKS
M,MYAR
M,MYB
M,MYE-DO'
M,MYne
M,MYneself
M,MYRDAL
M,Mysa&Liina
M,MYSELFABAHOUSE
M,MYSTERYRANCH
M,mystic
M,MYSTICGLOW
M,Mystrada
M,mystywoman
M,MYTH
N,n(n)BYNUMBER(N)INE
N,N.（N.NaturalBeautyBasic）
N,N.HOOLYWOOD
N,N.HOOLYWOODCOMPILE
N,N.HOOLYWOODCOMPILEspare
N,N.HOOLYWOODSOUVENIR
N,N.HOOLYWOODTESTPRODUCTEXCHANGESERVICE
N,N.HOOLYWOODTPESBARRACKSKIT
N,N.HOOLYWOODUNDERSUMMITWEAR
N,N.HOOLYWOODUNDERWEAR
N,N.I.B
N,N.O.R.C
N,N.O.R.Cbytheline
N,N.VOUGE
N,N4
N,n8ise
N,NACH
N,nafka
N,NAGUISA
N,Nahe
N,NAIFE
N,NAIGAI
N,NAIN
N,NAISSANCE
N,NAKAMOL
N,Naked&Famous
N,Name.
N,Name.(LADIES)
N,NAMIKI
N,nana-nana
N,Nananoel
N,NANA'SMANNERS
N,NANEA
N,NANGA
N,NANING9
N,NANOFEUILLE
N,nanoUNIVERSEDESIGN
N,nano・universe
N,nanushka
N,NAOMIITO
N,NAPAbyMartineRose
N,NARACAMICIE
N,Narcissus
N,narifuri
N,NARRATIVEPLATOON
N,NASA
N,NASASEASONS
N,NATALDESIGN
N,NATALIABLANCO
N,NataliaMoreno
N,NATHALIESCHRECKENBERG
N,NATIC
N,nationalstandard
N,NativeUnion
N,nattito
N,naturaglace
N,NATURALBEAUTY
N,NATURALBEAUTYBASIC
N,naturalcouture
N,NATURALWORLD
N,NATURALIJEWELRY
N,Naturalizer
N,Natursutten
N,NAUGHTIAM
N,NaughtyCompany
N,NAUTICA
N,NAVAL
N,NAVYROOTS
N,NCBneatcapricebrand
N,NEQUITTEZPAS!
N,near.nippon.
N,NeatSolutions
N,NEBULONIE
N,NECESSARYorUNNECESSARY
N,NEEDLEWORKS
N,n'ee-ne
N,NEFF
N,NEGATIVEDENIM
N,NEGLECTADULTPATiENTS
N,NehanneMIHARAYASUHIRO
N,NEI
N,Neil
N,nejicommu
N,Nelitne
N,Ne-net
N,NEO
N,Neon
N,NEONSIGN
N,neos
N,NeoSight
N,NEOST　HOMME
N,NERGY
N,nesessaire
N,NESTABRAND
N,Neuinteresse
N,neuediffusion
N,neuemarche
N,Neuna
N,neutoronica
N,Neutralblood
N,NEUTRALOUTDOOR
N,Neutralcolor
N,NEV
N,NewBalance
N,NewBalanceGolf
N,NEWERA
N,NEWGENTLEMAN
N,NEWJACK
N,NEWYORKHAT
N,NEWBERRYKNITTING
N,NEWERAEKCOLLECTION
N,newhattan
N,NEWLYTIES
N,NEWMAN
N,newneu.
N,Newport
N,NEWYORKER
N,NEXUSVII
N,NEZCA
N,NEZUYOHINTEN
N,NFL
N,NICAL
N,NICECLAUP
N,niche.
N,NICHOLASDALEY
N,nicholsonandnicholson
N,nici
N,NICKY
N,nicohrat
N,NICOLASLAINAS
N,NICOLECLUBFORMEN
N,NICOLEwhite
N,NICOLI
N,nicolson&nicolson
N,NiCORON
N,nicott
N,NICWAVE
N,Niell
N,Nieve
N,NigelCabourn
N,nihonikuji
N,NIKE
N,NIKEHERITAGE
N,NIKENSW
N,NIKESB
N,NIKESPORTSWEAR
N,nikoand...
N,niladmirari
N,NILoS
N,Nilway
N,NIMES
N,nimesetnimes
N,ninamew
N,NINARICCI
N,Ninarobe
N,NINE
N,NINEGATES
N,NINERULAZLINE
N,NineTailor
N,NineMicrophones
N,nino
N,NINOsucola
N,NIPOALOHA
N,NIRVANA
N,NISSI&JIREH
N,nitca
N,NITEIZE
N,Nius
N,niva
N,NIXON
N,NL
N,NMC
N,NOCOFFEE
N,NOCOMMENTPARIS
N,NOID.
N,Noissues.
N,NOMonday
N,NONEED
N,Nosweat
N,NOWAY
N,NOBLE
N,NobleBlanc
N,nobodinoz
N,NODO
N,NoeilaimeBeBe
N,Noela
N,NOEYEDIA
N,NOFALL
N,NOHANT
N,NOIR
N,NOIRDEPOUPEE
N,NOIRFABRIK
N,NOISEMAKER
N,NOITAVONNI
N,NOJESS
N,NOL
N,NOLLEY'S
N,NOLLEY'SSophi
N,NOMAt.d.
N,NOMAD
N,NOMADIC
N,NOMADIS
N,NOMADOI
N,Nombre23
N,NOMBREIMPAIR
N,NOMENCLAT
N,nomiamo
N,NONTOKYO
N,NONENON
N,NONLOCAL
N,Non-type
N,Noodle
N,NoonGoons
N,nopdenod
N,n'Or
N,NoraLily
N,NORDICFeeling
N,NORDISK
N,NORTHWORKS
N,northerly
N,northpeak
N,NORTHWAVE
N,NorwegianRain
N,NostalgicGarage
N,NOSTALGICA
N,NOTCOMMONSENSE
N,NOTCONVENTIONAL
N,NOTRIGID
N,NotSoApe
N,nota
N,NOTA(韓国ブランド)
N,notch.
N,noteetsilence
N,NOTHINSPECIAL
N,NothingAndOthers
N,Notive
N,NOTIVE/CANTERA
N,NoubelVougRelax
N,nougatine
N,nouno
N,NOUVERTEmagazine
N,novel;
N,NOWHAW
N,NOWiSTYLE
N,N'sCOLLECTION
N,NuAns
N,NUAVO
N,NuBra
N,nude:masahikomaruyama
N,NudieJeans
N,NUEVO
N,NuGgETS
N,NUMBER(N)INE
N,NUMBER(N)INEDENIM
N,NUMBERM
N,NUMBERSEDITION
N,NUMERALS
N,numph
N,NUNC
N,nunique
N,Nunoo
N,NUOVO
N,NUR
N,nusy
N,nuterm
N,Nuts
N,NUWL
N,NYLAUS
N,NYUZELESS
O,OMYBAG
O,Oproject
O,O.D.M.
O,O.K.
O,OADNEWYORK
O,OAKLAND
O,OAKLEY
O,OandI
O,OAXACA
O,OberTashe
O,OBEY
O,OBJECT
O,oblekt
O,OceanPacific
O,Ocean&Ground
O,OCEANUS
O,Ochre
O,OCTAVEOCTAVE
O,Oddmolly
O,ODDSOX
O,Odds
O,OdetteeOdile
O,OFARC
O,OFLIFE
O,offwhite
O,OFFICINECREATIVE
O,OFFSAFETY
O,OFFSHORE
O,OFUON
O,OGON
O,ohrora
O,OHSUNGTRADING
O,ohta
O,ojagadesign
O,OJODEMEX
O,okeru
O,OKINAWAMADE
O,OKIRAKU
O,OLDBETTY'S
O,OLDNAVY
O,OldderbyKnitwear
O,OLIKA
O,OLIVEdesOLIVE
O,OliverGal
O,OliverGoldsmith
O,OLIVERPEOPLES
O,OLIVER+KIT
O,OLIVIABURTON
O,OMCC
O,Omekashi
O,OMNES
O,OMNESAnotherEdition
O,OMNESSupremo
O,OMNIGOD
O,On
O,OnBleue
O,OnRouge
O,ontheday
O,onthesunnysideofthestreet
O,ONTHETURF
O,ONA
O,oneafteranotherNICECLAUP
O,ONECALIFORNIADAY
O,ONEDAYKMC
O,ONEGRAVITY
O,ONEMADE
O,OneMile
O,OneTeaspoon
O,oneway
O,onewayザッカ
O,Oneday
O,O'NEILofDUBLIN
O,O'NEILL
O,ONEMINE
O,oneninenineone
O,ONEPAIRED
O,ONFAdd
O,Onia
O,O-NINE
O,ONITSUKATIGER
O,OnitsukaTiger×ANDREAPOMPILIO
O,OnlyHearts
O,ONLYMINERALS
O,ONLYNY
O,ONSPOTZ
O,Onyva
O,OOD
O,OOFOS
O,oogiebear
O,OP
O,OPAQUE.CLIP
O,Opinionkoreantown
O,OPLAN
O,ORCIANI
O,ORCIVAL
O,order
O,ordinariesmates
O,ORDINARYPEOPLE
O,OregonianCampingStyle
O,ORGANICGARDEN
O,ORGANICTHREADS
O,ORIAN
O,ORICE
O,OriensJOURNALSTANDARD
O,ORIENT
O,ORientalTRaffic
O,ORIVARSAT
O,ORNE
O,ORNERTE
O,Orobianco
O,ORPHIC
O,ORSETTO
O,orSlow
O,ORTEGA
O,ORTR
O,OSAMUGOODS
O,OSCCROSS
O,OSCALITO
O,osharewalker
O,OSKAR
O,Oskar&ellen
O,OSKLEN
O,OSMOSIS
O,OSVALDOTRUCCHI
O,OSYAREVO
O,OTARIE
O,OTAS
O,Otias
O,otoaa
O,Otonato
O,OTOTO
O,Otta
O,ottilie
O,Otto
O,OUCH!
O,OURET
O,OUTDOORPRODUCTS
O,OUTDOORPRODUCTSAPPAREL
O,OUTDOORRESEARCH
O,outletshoesselect
O,OUVRAGECLASSE
O,OVAKE
O,OVERTHETWELVE
O,OVERDESIGN
O,OVERRIDE
O,ovject
O,OWENBARRY
O,OWLSPALE
O,OXMOCCS
O,OXO
O,OXOtot
O,OY
O,OZOC
P,P.A.M
P,P.Cornillon
P,P.Cornillon&Cie
P,P.D.L
P,P.FIELD
P,P.I.D
P,P.M.D.S.
P,P.R.D
P,P3
P,PACCBET
P,PACKMACK
P,PACOMILAN
P,PACOGARCIA
P,pacsafe
P,PACT
P,PADMA
P,Padmore&Barnes
P,Padourouge
P,PADRONE
P,PADRONEMUSEUM
P,PAGEBOY
P,Pain
P,pairmanon
P,PairPair
P,PAIRSINPARIS
P,PALADIN
P,PALLADIUM
P,PalmAngels
P,PalmGraphics
P,Palmed'Or
P,PALMERCASH
P,PAM
P,PAMEOPOSE
P,panasea
P,PANIER
P,PANNILL
P,panpantutu
P,PANTHER
P,Pantherella
P,PANTONE
P,Pao.de.lo
P,PAOLAFERRI
P,PAOLANUTTI
P,PAPAPAPARK
P,PAPERSTORAGECOMPANY
P,PAPERSKY
P,Paperwallet
P,Papillio
P,PAPILLONNER
P,paquet
P,PaquetduCadeau
P,PARICI
P,PARICIKLASSISK
P,Paraboot
P,PARADISCOULEUR
P,PARADISTERRE
P,ParadisePicnic
P,PARADOX
P,Paragraph
P,PARAJUMPERS
P,paranoiaparadiso
P,PARAPHERNALIA
P,Paratiisi
P,ParAvion
P,ParAvion+PetitStandard
P,ParfumdeCharmantFleur
P,PARISSAINT-GERMAIN
P,PARKRANGER
P,PARKLAND
P,PARKSTOKYOSELECT
P,PARLMASEL
P,PARROTTCANVAS
P,PartsWhite
P,PARTYPARTY
P,PasDeMer
P,PASTIERRA
P,PASADENALEISURECLUB
P,PASCALMARIEDESMARAIS
P,passagemignon/flaneur
P,PASSE-DIX
P,passion
P,patagonia
P,PATERNAZZI
P,PATRICK
P,PATRICKCOX
P,PATRICKSTEPHAN
P,Patta
P,PAUL&JOELaPapeterie
P,PaulHewitt
P,PaulSmith
P,PaulSmithCOLLECTION
P,PaulStuartadvance
P,PAUL&JOE
P,PaulineBleu
P,PAVEMENT
P,PAYDAY
P,PAZCOLLECTIVE
P,PAZRODRIGUEZ
P,PAZZO
P,PB0110
P,PEACHJOHN
P,PEAK&PINE
P,PEAK15
P,PeakPerformance
P,PEANUTS
P,pearl
P,PEARLYGATES
P,PEARLYKING
P,PEBBLES
P,PEDIR
P,PEIEN
P,PELEGDESIGN
P,PELICAN
P,PELLEMORBIDA
P,pelleterno
P,PELLETTERIAVENETA
P,PELLICO
P,PELLICOSUNNY
P,PENFIELD
P,PENCE
P,PENCO
P,PENDLETON
P,PENELOPE
P,PenelopeCollection
P,PENNEYS
P,Penny
P,PENNYBLACK
P,penta
P,PEPSI
P,Peram
P,perche
P,PEREGRINE
P,PEREGRINEDESIGNFACTORY
P,PerfectSuitFActory
P,PerlePeche
P,PERSON'S
P,Pertini
P,PERUVIAN
P,PETERGRIMM
P,PETERSMOUNTAINWORKS
P,PetiemDuras
P,PETITBATEAU
P,petitbonbonparis
P,Petitfleur
P,PetitHonfleur
P,petitmain
P,petitmainLIEN
P,petitcro
P,petiterobenoire
P,Petromax
P,PETROSOLAUM
P,peupres
P,Peuterey
P,ph7+
P,PHATEE
P,PHEENY
P,Pheeta
P,PHENOMENON
P,Phiclothing
P,PHILIPPEAUDIBERT
P,PHILIPPEMODEL
P,philo
P,PHINGERIN
P,PHOBIA
P,Phoebe
P,Pi
P,PIACENZA
P,PICCIN
P,PICHEABAHOUSE
P,PickUpNow
P,PICNICMARKET
P,PICTO
P,pidan
P,Pieceofcake
P,PIECEOFCHORD
P,PiediNudi
P,PIEDPIPERREBIRTHPROJECT
P,PienAge
P,PIENI
P,pierrecardin
P,PIERRELANNIER
P,Pierre-LouisMascia
P,Pierrot
P,PIG&ROOSTER
P,PIGALLE
P,PIGMILLION
P,Piknika
P,Piko
P,Pilgrim
P,PINE
P,PINEFORT
P,PINEAPPLEBETTY'S
P,pinkadobe
P,PINKHOUSE
P,PINKHOUSEBROCANTE
P,PINKHOUSECHELSEA
P,PINKHUNT
P,PINK-latte
P,PINKY&DIANNE
P,Pinx's
P,PIPPICHIC
P,Pisceans
P,PISTOLERO
P,Pitti
P,piucomoda
P,piuoro
P,PIXAR
P,PIZZANISTA！
P,PLACEPLAN
P,PLAFIT
P,PLAG
P,Plage
P,PLAKTON
P,PLANET-E
P,Plantation
P,plantica
P,PLASTICTOKYO
P,Platchamp
P,PLAYBOY
P,PLAYNOMORE
P,PLEASURES
P,Pledge
P,PLENTY
P,PLUIE
P,Plum
P,plumeblanche
P,plump
P,Plune.
P,PlusVendome
P,PLUSONSHOESUPPLY
P,POCHITAMALAND
P,POEMSOX
P,POETIQUElesbijoux
P,POKER
P,POKERFACE
P,POKETLE
P,POLAROID
P,polcadot
P,POLeR
P,POLeROUTDOORSTUFF
P,POLICE
P,POLIQUANT
P,polkapolka
P,POLORALPHLAUREN
P,PoloRalphLaurenChildrenswear
P,POLORALPHLAURENSLEEPWEAR
P,POLORALPHLAURENUNDERWEAR
P,POLOFIELD
P,POLPETTA
P,pomponettejunior
P,POMMED'OR
P,POMPKINS
P,pompkinsbaby
P,POMTATA
P,PONTI
P,PONY
P,POPTRADINGCOMPANY
P,POPUPSOX
P,POPEYE
P,PorscheDesignSport
P,Port
P,PORTBYARK
P,PORTCANVAS
P,PORTER
P,PorterClassic
P,PORTVEL
P,POSTO'ALLS
P,POST&CO
P,POTEN
P,PotioR
P,POUDOUDOU
P,poudoudouTIME
P,PourVous
P,POUTOJOURU
P,PowderhornMountaineering
P,POWERTOTHEPEOPLE
P,PR01.
P,PRAIRIE
P,PRAIRIE(韓国ブランド)
P,prAna
P,PRAXIS
P,PRAYFOR
P,PRE_
P,PREFERIR
P,Preime
P,PREMIATA
P,prendrelajoie
P,Prentiss
P,Pressure
P,Prestons
P,PrettyGreen
P,Pricila
P,Pridia
P,primaprincipessa
P,PrimaScherrer
P,PRIMALFORBABY
P,PRIMALCODE
P,Primazel
P,PrimevereLIZLISA
P,Primury
P,PRINCE
P,Pringle
P,Printstar
P,PRIORITY
P,prit
P,Priv.SpoonsClub
P,PRIVATELABEL
P,PRIVILEGE
P,PRMTVO
P,PROCLUB
P,PROTREK
P,PROCLUB
P,PRODUCTYWARRANTY
P,proef
P,PROFOUNDAESTHETIC
P,PROJECTSR'ES
P,PRO-Keds
P,PROMASTER
P,PROPAGANDA
P,PROPORTIONBODYDRESSING
P,proseverse
P,PRO-SPERITY
P,ProsperitySequence
P,PROTCOL
P,ProtecA
P,PROVISION
P,PRPS
P,PsychoBunny
P,PSYCHOLOGICALMETAMORPHOSIS
P,PT01
P,PT05
P,ptarmigan
P,pualcecin
P,PUBLICEYES
P,PUBLICTOKYO
P,PUBLUX
P,PUEBCO
P,PUERTADELSOL
P,Pulili
P,PULP/417EDIFICE
P,PUMA
P,PUMA×HANKJOBENHAVN
P,PUMA×YOSHIOKUBO
P,punta
P,puntopigro
P,Puntovita
P,PUNYUS
P,PUPE
P,PUREBRIGHT
P,PUREPRODUCTSUSA
P,PureSoeur
P,purflo
P,PUROTATTO
P,Purple&Yellow
P,PUSHEAD
P,Putia
P,Pyrenex
Q,Q
Q,Q&QBYCITIZEN
Q,Q&QSmileSolar
Q,QASIMI
Q,QBISM
Q,QIBIS
Q,QRESTON
Q,QUAVINO
Q,quadro
Q,qualite
Q,Quand
Q,quartierglam
Q,QUATRE
Q,quay
Q,QUEENHEAD
Q,QUEENSCOURT
Q,queite
Q,Quiksilver
Q,quilp
Q,QuincyMae
Q,QUINOA　BOUTIQUE
Q,QuitRunning
Q,QUNTOKYO
Q,QUOMMON
Q,quotiusefith
Q,QUOTIST
Q,QWSTION
R,RJUBILEE
R,R&E
R,R.R.G.S
R,RAB
R,rabokigoshiworks
R,RACAL
R,RachelComey
R,RachelRiley
R,RACKETS
R,RADCUSTOM
R,RADSKY
R,rada
R,RADCHAP
R,RADIOEVA
R,RAEN
R,RAFSIMONS
R,RAFFAELECARUSO
R,RAFFINITO
R,rag&bone
R,rag&bone/JEAN
R,RAGEBLUE
R,Raghbishwa
R,RAGMART
R,RagsUnite
R,RailroadSock
R,Rails
R,RAINBOWSANDALS
R,RAINFUBS
R,RAINMAKER
R,RAINS
R,rajabrooke
R,Rams
R,RAMUDA
R,Ranan
R,Ranchstandard
R,RANDA
R,RANDOM
R,rapiecage
R,RAPTEES
R,raquelallegra
R,RaquelPerez　
R,rasox
R,RASVOA
R,RATEFFECT
R,RATFINK
R,RATTLETRAP
R,RAVENIK
R,RAVIJOUR
R,RavissantLaviere
R,RAWFUDGE
R,RAW.C
R,RAWLIFE
R,Rawtus
R,RayBEAMS
R,RayCassin
R,RAYCASSINFAVORI
R,Ray-Ban
R,RD.Ghost
R,Re
R,ReYouth
R,RE.MATE
R,Re.Verofonna
R,RE/SP
R,Re:EDIT
R,RE:LORE
R,RE730
R,ReadyFreddy
R,REALACTIONHEROES
R,REALCUBE
R,REALMASTERS
R,RealBvoice
R,REALITYSTUDIO
R,Realta
R,Rebecca
R,REBECCAMINKOFF
R,RebeL
R,rebellion-ops
R,REBIRTHPROJECT
R,reca
R,Recoco
R,rectangle
R,REDCARD
R,REDCOVER
R,RedFleece
R,REDKAP
R,REDLABEL
R,REDProfile
R,REDSEAM
R,REDWING
R,REDECKER
R,REDYAZEL
R,Ree&Mee
R,Reebok
R,REEF
R,ReFaire
R,Reflect
R,REFLEM
R,REGAL
R,REGALO
R,RegettaCanoe
R,REGIEVO
R,REGiSTA
R,REGUNO
R,rehacer
R,rehacerSTAND
R,Reinette
R,ReinhardPlank
R,Reir
R,REJINAPYO
R,REKISAMI
R,relac
R,Relate
R,RELAX
R,RelitisbySupreme.La.La.
R,REMIRELIEF
R,REMME
R,REMYU
R,REN
R,Rename
R,RENBEN
R,Reneefille
R,renoma
R,renomaHOMME
R,renomaPARIS
R,RenownedLA
R,REPEL
R,repetto
R,REPIDO
R,repipiarmario
R,REPLAY
R,REPLETE
R,REPRESENT
R,REPRODUCTIONOFFOUND
R,Reproduction@ｉ
R,Request
R,RESDENIM
R,RESEXXY
R,RESORTCORPS
R,RESOUNDCLOTHING
R,RESPIRO
R,Ressaca
R,retaW
R,Retica
R,RetoroEngine
R,RETROGIRL
R,Retter
R,REVEL
R,REVENGE×STORM
R,REVERBERATE
R,revertical
R,REVEYU
R,REVICASTMADE
R,Revo.
R,Rewde
R,REWOP
R,REXYZ
R,reynspooner
R,REZOY
R,RFW
R,RHUDE
R,rhythm
R,Ribbonhakkakid's
R,Riberce
R,Riberry
R,RIBOU
R,RICCARDOMETHA
R,rice
R,RICHARDSON
R,RicherPoorer
R,RICHLOTH&HIGHYELLOW
R,RickOwens
R,RICO
R,RiCOSUCRE
R,Ridaz
R,RIDINGHIGH
R,RieMiller
R,rienda
R,RIGAaccessory
R,RiiiKa
R,Rika
R,RIKKAFEMME
R,rikolekt
R,Riletto
R,RIM.ARK
R,Rinclover
R,Rinajour
R,RINASCIMENTO
R,RiNc
R,rinto
R,RIPCURL
R,RiptheSwell
R,RIPANI
R,RIPNDIP
R,RIPP
R,Rirandture
R,RisaMagli
R,RITA
R,RITO
R,RitomoDeRicco
R,RiTOUR
R,RIVEDROITE
R,RIVERS
R,Riverton&Evans
R,rivet&surge
R,Rivieras
R,Rizraffinee
R,RIZAP
R,RLIGHTs
R,RNA
R,RNA-N
R,roar
R,roarguns
R,ROARKREVIVAL
R,RobertClergerie
R,ROBERTJ.CLANCEY
R,ROBERTKAUFMAN
R,RobertP.Miller
R,ROBERTAGANDOLFI
R,RobertaPieri
R,robertocavalli
R,ROBERTOCOLLINA
R,RobertodelCarlo
R,RobertoPancani
R,ROBERTORINALDI
R,ROBES&CONFECTIONS
R,RobinRose
R,ROCHAMBEAU
R,ROCHAS
R,RocheMusique
R,RockSpring
R,ROCKSTE
R,RockSteady
R,ROCKETxLUNCH
R,ROCKMOUNT
R,RockmountRanchWear
R,ROCKPORT
R,ROCKS
R,RockyMonroe
R,RockyMountainFeatherBed
R,RODESKO
R,RodeoCrowns
R,RODEOCROWNSWIDEBOWL
R,ROEN
R,Roger&Raw
R,ROGGYKEI
R,ROGIC
R,Rohw
R,Rohwmasterproduct
R,Roiduchanvre
R,roial
R,ROJAS
R,ROJITA
R,rokh
R,ROKIT
R,ROKX
R,ROLAROLA
R,ROLLA'S
R,ROMAGODESIGN
R,ROMANTICCROWN
R,ROMPINGUNIVERSE
R,RONCATO
R,rondrond
R,Roomno.8
R,Room403
R,Roomy's
R,ROOPTOKYO
R,ROOT
R,ROOTCO
R,ROOTTHREE
R,ROOTOTE
R,ROPE'
R,ROPE'mademoiselle
R,ROPE'PICNIC
R,Rora
R,ROROL
R,rosamosa
R,Rosantica
R,ROSEBUD
R,ROSEDEMARRAKECH
R,RoseTiara
R,ROSEanna
R,ROSEFIELD
R,ROSELLE
R,ROSELLINI
R,ROSETTAPRAYER
R,ROSIEE
R,ROSTERSOX
R,Rota
R,ROTAR
R,ROTHCO
R,ROTOL
R,RoToTo
R,ROTTWEILER
R,ROUGAROU
R,Rougevif
R,ROUGHandRUGGED
R,ROUNDHOUSE
R,roundabout
R,ROVERETO
R,ROVERTRY
R,rovtski
R,Row
R,ROXY
R,ROYALFLASH
R,ROYALPARTY
R,ROYALREPUBLIQ
R,ROYALROW
R,ROZY
R,rps
R,RRLRalphLauren
R,RSVP
R,RtA
R,RUBBERDUCK
R,RUBBERKILLER
R,Ruben
R,RubinRosa
R,rufsh
R,RUGGEDWORKS
R,RUHM
R,RUIRUEBOUTIQUE
R,RUMBLERED
R,RumiRumi
R,RUMOR
R,Rumpl
R,RUNNINGHIGH
R,rupert
R,RUPU
R,RURI.W
R,RUSSELL
R,RussellAthletic
R,RUSSELLHOBBS
R,RUSSELLMOCCASIN
R,russet
R,RUSTY
R,RVCA
R,rxmance
R,Rydia
R,Rylee+Cru
R,RYUJIKAMIYAMA
R,Ryuna
S,SSY
S,S&H
S,S.ESSENTIALS
S,s.k.manorhill
S,S.O.S.fromTexas
S,SABLECLUTCH
S,Sabor
S,SABRE
S,SABRINA
S,sabstreetmystandard
S,saby
S,SAC
S,Sacsens
S,SACRA
S,sacro
S,SAC'SBAR
S,SAC'SBARオリジナル
S,SAC'SBARセレクト
S,SAC'SBARJean
S,SACTAVE
S,SADDLERS
S,sagedecret
S,SAGLiFE
S,SAILRACING
S,SAINTFILLE
S,SAINTHELENA
S,SAINTJAMES
S,SaintLaurent
S,Saintete
S,SAINTS
S,SAISONDEPAPILLON
S,saisontourne
S,sakishimatokyo
S,Sakka
S,SAKULA
S,sakurabois
S,salisty
S,salledebal
S,SALOMON
S,SALON
S,SALONadametrope'
S,SALONbyPEACHJOHN
S,saloon
S,SALT&SUGAR
S,SALTWATERCOWBOY
S,SALTWATERCOWBOY×PLAYBOY
S,SalvatorePiccolo
S,SalvatoreSantoro
S,SALVI
S,salvy;
S,SamansaMos2
S,SamansaMos2blue
S,SAMANTHASILVA
S,SamanthaThavasa
S,SamanthaThavasaDeluxe
S,SamanthaThavasaPetitChoice
S,SamanthaTiara
S,SamanthaVega
S,samas
S,SAMOONDOH
S,Samsonite
S,SamsoniteRed
S,samurai
S,SAMURAICORE
S,sAn
S,SANFRANCISCO
S,SANHIDEAKIMIHARA
S,San-aiResort三愛水着楽園
S,Sanca
S,SANDERS
S,sandia
S,Sandinista
S,sandy
S,SandyClause
S,sango
S,sankyoshokai
S,SANRAMI
S,sanrio
S,SansArcidet
S,SANTACRUZ
S,SantaChristina
S,SANTACRUZ
S,Santaniello
S,SANTEBorella
S,sanuk
S,SANYO
S,SANYOCOAT
S,saphir
S,Saponetta
S,sara
S,saramallika
S,SARABANDE
S,SarahPinkman
S,saranam
S,saranoni
S,sarasadesign
S,SARTORE
S,SAS
S,SASIBI
S,SASKIADIEZ
S,sass&belle
S,sass＆bide
S,SASSAFRAS
S,SASSON
S,Sassy
S,Satellite
S,satorisan
S,SaturdaysNYC
S,Saucony
S,SAVEKHAKIUNITED
S,SAVOY
S,Sawaalamode
S,SAWINTO
S,SAXX
S,SAYAKADAVIS
S,SAYHELLO
S,SAZABY
S,SBCYSport
S,SBGby7JEWELRY
S,SBTRACT
S,scair
S,SCALA
S,SCANDINAVIANFOREST
S,SCARF
S,Scarped'rgento
S,SCENTOFVaro
S,SCHA
S,Schoffel
S,schott
S,SchottN.Y.C
S,ScoLar
S,ScoLarParity
S,SCOTCH＆SODA
S,ScotishTradition
S,ScottishTradition
S,ScrapBook
S,SCREENSTARS
S,SCULPTOR
S,Scye
S,SCYEBASICS
S,SEA
S,SEADRESS
S,seanewyork
S,"sea,dsmara"
S,Seagreen
S,SEAGULLSHIP
S,Seaing
S,SEASONING
S,SeattleSports
S,Seaward＆stearn
S,SECCHIARIMICHELE
S,SECONDLAB.
S,SecretHoney
S,SecretDoor
S,SEEBYCHLOE
S,SEESEE
S,SEEKER
S,SEEKER×Caede
S,seesaw
S,SEIGEKI
S,SEIKO
S,SEIKO5
S,SEILMARSCHALL
S,selectMOCA
S,SELETTI
S,SELFMADEBYGIANFRANCOVILLEGAS
S,sellenatela?
S,semanticdesign
S,seme
S,senelier
S,Sensdevie
S,senseoffun
S,SenseofGrace
S,SENSEOFPLACEbyURBANRESEARCH
S,senseofwonder
S,SENSI
S,SENSISTUDIO
S,SENSO
S,SENTI
S,sentino
S,SEPTEMBERMOON
S,SEPTWOLVES
S,Seraph
S,Seraphine
S,SERAPIAN
S,serefina
S,SERENITY.STILLMOMENT
S,SergeBlanco
S,SERGEdebleu
S,SergioDeRosa
S,Sergiorossi
S,SERGIOTACCHINI
S,SERO
S,SerpuiMarie
S,Sessun
S,SESTO
S,SET
S,Settimissimo
S,SETTLER
S,SETTO
S,SETUP7
S,SEVENTWELVETHIRTY
S,SEVENDAYS=SUNDAY
S,SEVESKIG
S,SEZ
S,SFW
S,sfy
S,SHADEZ
S,SHAGGIE
S,SHAKA
S,SHAKASTICKS
S,Shakers
S,shama
S,Shannnam
S,SHARESPIRIT
S,SHAREEF
S,ShareTone
S,SheMadeMe
S,SHEBEACH
S,SHEEN
S,sheisheicoLTD
S,Shelby
S,SHELLAC
S,Shellyisland
S,SHELT
S,SHEL'TTER
S,SHEL'TTERORIGINAL
S,SHEPHERD
S,SHERIQUE
S,Shermie
S,SHIFFON
S,SHI-JYOMAN
S,shikitokyo
S,SHiME
S,SHINYAKOZUKA
S,Shinzone
S,Shion
S,SHIPS
S,SHIPSany
S,SHIPSDays
S,SHIPSJETBLUE
S,shipslittleblack
S,Shiraleah
S,Shirohato
S,SHIROMA
S,SHISKY
S,SHOESHAME
S,ShoesinCloset
S,SHOEZOO
S,SHOO・LA・RUE
S,shopnikoniko
S,SHORE
S,SHORTYS
S,SHU
S,shutte
S,Si・Shu・Non
S,SIDESLOPE
S,SIENA
S,SIENAROSE
S,SIERRADESIGNS
S,SiestePeau
S,Siffler
S,SigFREAK'SSTORE
S,SIGNSTATE
S,SI-HIRAI
S,siiwa
S,SILA
S,SILAS
S,SILENTPOETS
S,SILVERBULLET
S,SilverSpoon
S,silver925×ciite'
S,SIMASIMA
S,SIMEONFARRAR
S,SIMONCARTER
S,SimonMiller
S,SINAI
S,SiNCERE
S,Sinfu
S,SINOON
S,SIPULI
S,SIRLOIN
S,SISE
S,sisii
S,Si-Si-Si
S,SISLEY
S,SisterJane
S,SISTERJENNI
S,sitaparantica
S,SITRY
S,SIVIGLIA
S,SixtySeven
S,Siyu
S,SKAGEN
S,SKAPE
S,SKECHERS
S,SKIN
S,SKINFOOD
S,Skinplayer
S,SKIPHOP
S,SKKONE
S,SKOOKUM
S,SLACK
S,SLANTED
S,SLAPSLIP
S,SLEEPYJONES
S,SLEEPYPARTY
S,SLEEPYSLEEPY
S,SlicSlic
S,SLICK
S,SlightlyNumb
S,SLOANE
S,SLOBEcitron.
S,SLOBEIENA
S,Sloggi
S,SLOPER
S,SLOW
S,SLOWTIDE
S,SLOWACID
S,SLOWER
S,SLUMBERJACK
S,SLY
S,Slyde
S,sm2rhythm
S,smartpink
S,SMARTTURNOUT
S,SMASH
S,SMELLY
S,smeralda
S,SMILEORCHID
S,Smiley
S,SMILEYFACE
S,SMIRNASLI
S,"SMIRNASLI　GEM,"
S,SMITH
S,SmithClock
S,SMITH'S
S,SML
S,Smoothy
S,Smythson
S,SNsuper.natural
S,SNATCH＆CLASH
S,SNEAKERLAB
S,SNEEKEby.enchanted
S,sneeuw
S,SNIDEL
S,Snobbist
S,SNOOPY
S,SNOOPY×OLDBETTY'S
S,SNOWBEAUTY
S,SnowPeak
S,SNURK
S,SO
S,So1:1
S,Soaptopia
S,SoccerJunky
S,SOCCO
S,SocialGIRL
S,SOCIALSUNDAY
S,SOCIALWEAR
S,Sockaholic
S,socolla
S,soe
S,soeur
S,sofar
S,SOFFE
S,soffitto
S,SOFIED'HOORE
S,softcream
S,SOFUOL
S,soglia
S,Soierie
S,soil
S,SOKO
S,SOLANGELS
S,SOLSANA
S,Solafami
S,SOLATINA
S,Solby
S,soleil
S,SOLIDO
S,SOLO_TOURIST
S,SOLOVAIR
S,SOLOVIERE
S,SOLPRESA
S,SOLUDOS
S,somari
S,SOMELLGARDEN
S,SOMETHING
S,SONCHICTOKYO
S,SONOFTHECHEESE
S,SONETT
S,SoniaC
S,SONIAPARENTI
S,sonicyouth
S,SONNE
S,Sono
S,SONTAKU
S,sonyunara
S,Sophiacollection
S,SOPHIEBUHAI
S,SophieHulme
S,Sophielagirafe
S,sophila
S,SOPHNET.
S,SOPO
S,SORBATTI
S,SOREL
S,SOROTTO
S,sorpresa
S,"Sorry,TooMuchLove"
S,sot
S,SOTO
S,SOUBIEN
S,SOULEIADO
S,SOULEIADO（ベビー）
S,SoulsmaniaKids
S,SOUP
S,SoupleLuz
S,southforF17-6
S,SOVEREIGN
S,sowi
S,SPACECRAFT
S,SPACELORZ
S,SPADE
S,SPALDING
S,SPALWART
S,SPEAR
S,SPECIALPRODUCTDESIGN
S,SPECIALTEE
S,SPECTUSSHOECO.
S,SPELLBOUND
S,SPENDY'SStore
S,SPERGA
S,SperryTop-Sider
S,spiceedition
S,SPICEOFLIFE
S,Spick&Span
S,SPIGA
S,SPINELLIKILCOLLIN
S,SPINGLEMOVE
S,spinglenima
S,SPINNAKER
S,SpinnerBait
S,SPINNS
S,SPIRALGIRL
S,SPIRITJERSEY
S,spitfire
S,SPOLOGUM
S,SPORTLAB
S,SPORTMAX
S,SportsLabbyatmos
S,SPOUT
S,SpRay
S,SpringCourt
S,SPRINGMOON
S,SPROUT
S,SPRUCE
S,SPUTPERFORMANCE
S,SPY
S,squady
S,SQUAIR
S,SQUALL
S,SQUARESTREET
S,SR'ESRAINBOW
S,SRIC
S,SSUR
S,StANDREWS
S,STACCATO
S,STACKERS
S,Stadlerform
S,STAG
S,STAIR
S,STAMMBAUM
S,STAMPD
S,stample
S,STANCE
S,STAND
S,STANDARDCALIFORNIA
S,STANDARDMADE
S,STANDARDSUPPLY
S,STANDARD＋SELECT
S,STANLEY
S,staple
S,STARMELA
S,STAROFHOLLYWOOD
S,STARWARS
S,StarLean
S,STARLETS
S,STARRYFEM
S,STARTER
S,STARTERBLACKLABEL
S,StartingOver
S,STARWALK
S,STATE
S,STATESIDE
S,STATIONERYCOSME
S,STATUS
S,STATUSANXIETY
S,STAUB
S,STAUD
S,STA-WEST'S
S,STAYFUN
S,STEFANOBIGI
S,STEFANOGAMBA
S,STEFANOMANO
S,stefanorossi
S,STELLACIFFON
S,STELLAMcCARTNEY
S,STELLAVIANA
S,STELLAR　HOLLYWOOD
S,StephfMorris
S,STEPHANSCHNEIDER
S,stephanekelian
S,Stephanie
S,STEPHEN
S,STEPHENWALTERS
S,STEPS
S,stereovinyls
S,STETSON
S,STEVEMONO
S,StevenAlan
S,STEVENSONOVERALLCO.
S,StickyLemon
S,STIGMA
S,STILLBYHAND
S,STILMODA
S,STIR
S,StitchandSew
S,STOF
S,SToL
S,StompStamp
S,STONEISLAND
S,STORAMA
S,story.
S,StraRaggio
S,STRADAEST
S,STRAVITA
S,STRAWBERRY-FIELDS
S,STRAYE
S,STREAMTRAIL
S,STRUM
S,STUBBS&WOOTTON
S,STUDMUFFIN
S,studioCLIP
S,studiomini
S,STUDIONICHOLSON
S,STUDIOORIBE
S,STUDIOUS
S,STUDIOUSBLUE
S,STUDIOUSCITY
S,STUDIOUSHIGH
S,STUDIOUSSELECT
S,STUGAZI
S,STUSSY
S,StutosteinNolley's
S,styiro
S,STYLEBAR
S,stylecode
S,STYLEDELI
S,STYLEEYES
S,stylezampa
S,STYLEBLOCK
S,styles
S,StyleSea
S,styling/
S,STYLISE
S,SUBPOP
S,SUB-AGE.
S,Subciety
S,SUBCIETYLIMITEDEDITION
S,SUBLIME
S,SUBU
S,SUCRE
S,SUCRE-blanc
S,SueUNDERCOVER
S,SUGARBISKET
S,SUGARCANE
S,SUGARROSE
S,Sugarspoon
S,SugarSugar
S,SUGARGLIDER
S,SUGGESTION
S,suicoke
S,SUKUSUKU
S,sulvam
S,sumikaneko
S,SUNSURF
S,Sunauna
S,suncooparis
S,SUNDAYSSUN
S,SUNDEPT
S,SUNDOG
S,Suneemood
S,sunista
S,SunKu
S,SUNNEI
S,SUNNYSPORTS
S,Sunnyclouds
S,SUNNYROOM
S,SUNNYSPORTSFORSEIDAL
S,SUNNYDAYSUNDAY
S,SUNSby#Re:room
S,SUNSETSURF
S,sunski
S,SUNSPEL
S,SUOLO
S,SUPER
S,SuperDuper
S,SUPERHAKKA
S,super-5
S,SUPERGA
S,SUPERMAN
S,superNova.
S,SUPERTHANKS
S,SUPP.
S,SUPP.nooneelse
S,SUPRA
S,Supreme.La.La.
S,SURFISDEAD
S,SURF/BRAND
S,SURREAL
S,surreARIS
S,SURROUND
S,surt
S,SUTENAI
S,SUUNTO
S,SUVSOLE
S,SUZiEWiNKLE
S,suzukitakayuki
S,SVEC
S,SWAGGER
S,swank
S,Swankiss
S,SWAPMEETMARKET
S,SWAROVSKI
S,SwarovskiCrystals
S,Swatch
S,SWAYS
S,SWBDSewingBoundaries
S,SWEAR
S,SWEATERHOUSE
S,SweetCatherine
S,SWEETSKTBS
S,SweetMommy(授乳服&マタニティ)
S,S'well
S,SWILDENS
S,SwimmyDesignLab
S,SWIMS
S,Swingle
S,Switfish
S,SY32bySWEETYEARS
S,SympathyofSoul
S,Sync.
S,SYNG
S,SYOUTIKUBAI
S,SYU.HOMME/FEMM
T,TBYALEXANDERWANG
T,T.A.S
T,T.S.LCUB
T,T・S・L
T,T2[in]
T,Taaii
T,TAAKK
T,TAARAclothing
T,TABIPAL
T,Tabio
T,TABITA
T,TABITUS
T,tac:tac
T,TACASI
T,TACHIKARA
T,TACOMAFUJIRECORDS
T,TAGLIATORE
T,TAIKAN
T,TAILGATECLOTHING
T,TAILORTOYO
T,TAION
T,TAKAHIROMIYASHITATheSoloIst.
T,TAKA-Q
T,TAKE&SONS
T,TAKEOKIKUCHI
T,TAKE-UP
T,TAKUMI
T,TALKINGABOUTTHEABSTRACTION
T,TALKY
T,Talla
T,tamakiniime
T,tamao
T,tamaoworld
T,TAMPICO
T,TAN
T,TANGTANG
T,Tanje
T,TANNERGOODS
T,TANTA
T,Tany
T,Tappet
T,TARF
T,TARKER
T,TAROHORIUCHI
T,TartineetChocolat
T,TASINAMI
T,TASK
T,TATRAS
T,TATUAGGI
T,TAUPE
T,TAVERNITISOJEANS
T,TAYAL
T,TAZUNE
T,TCSS
T,Techichi
T,TechichiCLASSIC
T,TechichiTERRASSE
T,TEAMGODDESS
T,TedBaker
T,TeddyShop
T,TeeLisa
T,TEEE
T,TEEV
T,TEGTEG
T,TEGEUNITEDARROWS
T,Tegu
T,TELA
T,TELIC
T,TELLASON
T,TEMBEA
T,TEMPERATE
T,TEN
T,Tenc
T,TENBOX
T,Ten-C
T,Tendence
T,TENDER
T,TERG
T,TERGBYHELINOX
T,Terrem
T,TERRITOIRE
T,TesoriToscani
T,TETEHOMME
T,TETERA
T,Teva
T,TEXACO
T,texcyluxe
T,TEXTUREWEMADE
T,TFW49
T,th
T,The_____LABEL
T,THE1stSHOP
T,The3rdeyechakra
T,TheAmpalCreative
T,TheBagmati
T,THEBAREFOOT
T,THEBASICS
T,TheBeatles
T,THEBROWNBUFFALO
T,THECANVET
T,THECASE
T,THECASUAL
T,TheCLASIK
T,THECODE
T,TheContainerShop
T,TheCriticalSlideSociety
T,THEDallas
T,TheDancingRoombyCasselini
T,THEDAY
T,THEDAYONTHEBEACH
T,TheDayztokyo
T,thedilettante
T,TheDUFFERofST.GEORGE
T,TheElderStatesman
T,TheEndlessSummer
T,THEFACTORYMADE
T,THEFELiX
T,TheFifthLabel
T,THEGIGI
T,THEGREAT
T,THEH.W.DOG&CO.
T,TheHill-Side
T,THEHITSS
T,TheHundreds
T,THEinc.
T,THEINOUEBROTHERS
T,THEIRON
T,THELASTCONSPIRACY
T,THELAUNDRESSNEWYORK
T,TheLetters
T,THEMARXRECREATION
T,THEMEDLEYINSTITUTE
T,THEMILES
T,THEMORNINGAFTER
T,THENERDYS
T,THENookie
T,THENORTHFACE
T,THENORTHFACEPURPLELABEL
T,THEOLDEFARMHOUSE
T,THEPARKSHOP
T,THEPENNY
T,THEQUIETLIFE
T,THERAGGEDPRIEST
T,THERERACS
T,theSakaki
T,THESHARPERIMAGE
T,THESHINZONE
T,THESHOPTK
T,TheSimpsons
T,THESMOCKSHOP
T,THESOVEREIGNHOUSE
T,THESOX
T,TheStylistJapan
T,THESUPERIORLABOR
T,THETEE
T,THETEST
T,TheTWENTYSEVEN
T,THEUNION
T,TheVirgnia
T,TheWhiteBriefs
T,THEWHITESCREEN
T,TheWonderful!designworks
T,THEATHEA
T,THEATREPRODUCTS
T,THEE
T,THEFT
T,TheKorner
T,TheophileBerthon
T,ThereseRawsthorne
T,THERMADRY
T,thermomug
T,THIBAULTVANDERSTRAETE
T,THINGFABRICS
T,Thingless
T,ThinkKing
T,THISTABLEBYBEAU'RESECOND
T,THISIS
T,thisisneverthat
T,THM(THEHARDMAN)
T,THOMBROWNE
T,THOMBROWNEforDITA
T,Thomas
T,THOMASMASON
T,THOMSON
T,THOUSANDMILE
T,THRASHER
T,THREEDOGNIGHT
T,threedots
T,ThreeFourTime
T,THRILLS
T,THROWAKISS
T,Thudguard
T,THUMPERSBROOKLYNNYCUSA
T,TIARA
T,tibi
T,TICTAC
T,TICCA
T,TickeT
T,TICKETTOTHEMOON
T,TickledPink
T,TID　Watches　
T,TIDEWAY
T,Tieasy
T,TIENSecoute
T,TIGHTBOOTHPRODUCTION
T,TIGORA
T,TIGREBROCANTE
T,tim.
T,Timberland
T,TimberlandPRO
T,TIMBUK2
T,TIME
T,TIMEWILLTELLWORKS
T,TIMELESSCOMFORT
T,TIMELESS&THREE
T,TIMELYWARNING
T,TIMEX
T,TINKERBELL
T,Tinne+Mia
T,tinsels
T,TINYLOVE
T,tiptop
T,TISSOT
T,TITEINTHESTORE
T,titier
T,TitilateValet
T,titivate
T,titty&Co.
T,T-JACKET
T,tk.TAKEOKIKUCHI
T,TKEES
T,TMT
T,TMTClassic
T,Tob.byagnesb.
T,TOBECHIC
T,TOAST
T,TOBILA
T,toccocloset
T,toccoclosetluxe
T,TODAYedition
T,TODAYFUL
T,TODAY'S
T,TODAY'SSPECIAL
T,TOFF&LOADSTONE
T,Toffy
T,Toffyマルシェ
T,TOGA
T,TOGAPULLA
T,TOGAVIRILIS
T,TOINOABEL
T,Toironier
T,TOKYOCULTUARTbyBEAMS
T,TOKYODEPARTMENTSTORE
T,TOKYODESIGNCHANNEL
T,TOKYOPOSTEXCHANGE
T,TOKYOSHIT
T,Tokyo135°
T,TokyoTshirt.st
T,toleur
T,TOMFORD
T,TOMWOOD
T,TOMMYHILFIGER
T,TOMMYJEANS
T,TOMMYSPORT
T,Tomo&Co
T,TOMOE
T,TOMORROWLAND
T,TOMOUMIONO
T,TOMS
T,TONAL
T,tone
T,TONESELECTGOODS
T,TONESELECTWEAR
T,ToniPons
T,TONO
T,TONY
T,TonyTaizsun
T,toogood
T,TOOLs
T,TOOLSFORTHEDOG
T,TOOLSPHILOSOPHY
T,TOOT
T,Tootal
T,TOPARDS
T,TOPDRY
T,TopIsm
T,TOPKAPI
T,TOPODESIGNS
T,TOP-SIDER
T,Torenia
T,TORNADOMART
T,TorrazzoDonna
T,tortoago
T,TORYBURCH
T,TORYLEATHER
T,TOSSDICE/BamBookstheHeritage
T,TOTALLUXUARYSPA
T,TOTASUELEVEN
T,TOTEM
T,TOTEME
T,totes
T,TOTOMESS
T,ToughTraveler
T,TOUJOURS
T,tov
T,TOWNCRAFT
T,TOYMACHINE
T,tr.4suspension
T,Tract
T,TRADESMAN
T,TRADITIONACOUSTIC.
T,TraditionalWeatherwear
T,TRAIANO
T,TRAILBUM
T,TRAITS
T,TRANSCONTINENTS
T,TRANSCONTINENTSJETLABEL
T,TRANSWORK
T,TRANSIT
T,TRAP/U
T,traumerei
T,TRAVAILMANUEL
T,TRAVASTOKYO
T,TRAVEL
T,TravelShopGate
T,TRAVELSHOPMILESTO
T,Trendywoobi
T,TRETORN
T,T‐REX
T,triaa
T,TRIANGLEPALETTE
T,Tricker's
T,TRICKSTER
T,Tricote
T,Trilogy
T,trim
T,TRION
T,TRIOP
T,TRIPLESENS
T,TRIPPnyc
T,Trish
T,Triumph
T,TRIVICT
T,TRIWA
T,troislapinskp
T,troisiemeCHACO
T,TropicalBeach
T,TROVE
T,TROVEACTIVE
T,TROY
T,TRUC
T,TRUDEA
T,TRUEVINTAGE
T,TRUNC88
T,TRUNIKA
T,trunki
T,TRUNObyNOISEMAKER
T,TRUSS
T,TRUSSARDI
T,ts(s)
T,TSB
T,TSUHARUbySamansaMos2
T,tsuki.s
T,TSUMORICHISATO
T,tsumorichisatoCARRY
T,tsumorichisatoSLEEP
T,tsumorichisatoTRAVEL
T,TSURUbyALESSANDRASTELLA
T,TSURUbyMarikoOikawa
T,TTSWTRS
T,TTT_MSW
T,TuesmonTRESOR
T,TUBE
T,Tuche
T,tu-hacci
T,TUKTUK
T,TUMI
T,Tuppence&Crumble
T,Turnmeon!?
T,TURNBULL&ASSER
T,TurtleBayClub
T,TUSTING
T,tutumo
T,TWEEDMILL
T,TWEETY
T,TWENTYONEAUGUST
T,Twinkle;pm
T,TWINSFLORENCE
T,TWISTSHAKE
T,TWOPALMS
T,TWOOL
U,U
U,UbySPICK&SPAN
U,UbyUngaro
U,Uforyou
U,uPhoria
U,U.Prenoma
U,U.Q
U,U.S.POLOASSN.
U,ubasoku
U,UBBI
U,UBIQ
U,Ublanc
U,UCLA
U,UDbyNOLLEY'SSophi
U,UGG
U,UGGAustralia
U,UGLY
U,Uhr
U,Ujoh
U,uka
U,ulab.
U,ULINE
U,UlsterWeavers
U,ultimaTOKYO
U,ULTRA
U,ULTRADETAILFIGURE
U,ULTRAHEAVY
U,Ulysses
U,UMAESTNATION
U,UMBER
U,UMBERTOFARINA
U,Umbra
U,UMBRO
U,Uncoeur
U,undixcors
U,unsignet
U,UN3D.
U,Unagardenia
U,Unaca
U,Unacanoir
U,UNACT
U,UNALLOYED
U,UNBILLION
U,UNBROKEN
U,UNBUILTTAKEOKIKUCHI
U,unclod
U,UNCOMMONTHREADS
U,UncutBound
U,UNCUTBOUNDTheStandard
U,UNDECORATED
U,undecoratedMAN
U,undeny.
U,UNDERARMOUR
U,UNDERCONTROL
U,UNDERCOVER
U,UNDERCOVERKIDS
U,UNDERCOVERISM
U,UNDERCROSS
U,uneautre
U,UNEMANSION
U,unenanacool
U,unfil
U,UNFOLLOW
U,UNGREEPER
U,Ungrid
U,unica
U,UNiCASE
U,UNiCASEBLACKLABEL
U,UNiCASEBLUELABEL
U,UNICOM
U,UNIFORMBRIDGE
U,uniformexperiment
U,UNIONLINE
U,UNIONSTATION
U,UNISA
U,UnitA
U,UNITEDARROWS
U,UNITEDARROWS&SONS
U,UnitedAthle
U,UNITEDCRAFT
U,UNITEDNUDE
U,UNITEDPEOPLE
U,UNITEDTOKYO
U,UNITUS
U,UNIVERSALCHEMISTRY
U,UNIVERSALOVERALL
U,UNIVERSALPRODUCTS
U,UNIVERSALTISSU
U,UniversalWorks
U,UNIVERVALMUSE
U,unjourdeclair
U,UNKNOWN.
U,UnLikeLook
U,UNLIMITIV
U,UNNO!SE
U,unnurella
U,UNO
U,UNPERFECT
U,unrelaxing
U,UNRELISH
U,UNSELDs
U,unshu
U,UNSTANDARD
U,Unstructured
U,UNSTUDIED
U,UNTITLED
U,UpandAway
U,UPSTART
U,Upcycle
U,U-Phoria
U,UPPERSTAGE
U,upperhights
U,UPTOWNHOLIC
U,URBANCRAFT
U,URBANISLANDSOCIETY
U,URBANRESEARCH
U,URBANRESEARCHDOORS
U,URBANRESEARCHROSSO
U,URBANRESEARCHROSSOMEN
U,URBANRESEARCHROSSOWOMEN
U,URBANRESEARCHSonnyLabel
U,URBANSUN
U,URBANDTYPE
U,URCHRNA
U,ur's
U,Ursul
U,URU
U,URVIN
U,USRAGS
U,USINE
U,utatane
V,VSEVENTWELVETHIRTY
V,V&SSS
V,v.de.vinster
V,V.FRAAS
V,v::room
V,V73
V,VAVENDOMEAOYAMA
V,VACATION
V,VACUA
V,VADEL
V,VAGUEWATCHCO.
V,VAINLARCHIVE
V,Vaivia
V,valdie
V,valet
V,Valfre
V,VALLISbyFACTOTUM
V,Valstar
V,VALTA
V,VALUNI
V,vanessabruno
V,VANILLAMOON
V,vanitybeauty
V,VannaYoungstein
V,VanniPratesi&Rogai
V,VANNIEU
V,VANQUISH
V,VANS
V,VANSON
V,VAPORIZE
V,VAQUERA
V,ＶＡＲＣＯ
V,Varde77
V,VariousTimelessArts
V,VARISISTA
V,VARISISTAGlobalStudio
V,vasco
V,VASIC
V,VASQUE
V,VayaConDios
V,VEENA1921
V,vega
V,veja
V,velikokoラクチンきれいシューズ
V,VelvaSheen
V,VelvetLounge
V,VENCEEXCHANGE
V,VENDOMEAOYAMA
V,VeniVediVici
V,venit
V,Venque
V,VENTURA
V,VERBENAS
V,VERMEILpariena
V,vermilion
V,VeroniqueBranquinho
V,VERSACE
V,VERTEX&CO.
V,VeryMe
V,VERYNERD
V,Vestal
V,VETRA
V,Vi/Ve
V,ViaDemizon
V,VIADEMIZONDOUX
V,viaj
V,VIASPARE
V,ViaggioBlu
V,VIBERG
V,VIBGYOR
V,VIBGYORWomen
V,VICMATIE
V,Vicci
V,VICEVERSA
V,Vicente
V,VICKY
V,VICTIM
V,VICTORIA
V,VICTORIAVICTORIABECKHAM
V,VIDA＋
V,vidorreta
V,VIE
V,Viewm
V,vihere
V,VIIIVXSOCKS
V,VIISHOW
V,VIKTOR&ROLF
V,VIMODA
V,VINCATOKYO
V,VINCE
V,VincentetMireille
V,VincentPradier
V,VinesIslandwear
V,vingtrois
V,VINTAGE
V,vintageel
V,VintagePEANUTS
V,VINTAGESHADES
V,VINTIANDREWS
V,VINYLCOLLECTIBLEDOLLS
V,VIOLA
V,VIOLAd'ORO
V,Virca
V,VIRGILNORMAL
V,VIRGOwearworks
V,ViS
V,VISIONSTREETWEAR
V,visitdesign
V,VISSLA
V,VISUALREPORTS
V,VitaFelice
V,VITALMATERIAL
V,VitalMONSIEURNICOLE
V,VITALSIGN
V,Vitamix
V,VIVASTUDIO
V,VIVAYOU
V,ViVifleurs
V,viviamo
V,Vivian
V,VivienneWestwood
V,VivienneWestwoodMAN
V,VIVIFY
V,VlasBlomme
V,VLONE
V,VM
V,VOAAOV
V,VOGUISH
V,VOLARE
V,VOLCOM
V,VOLKTACTICALGEAR
V,VONDEL
V,VONN
V,voov
V,VOTANTokyo
V,VOTEMAKENEWCLOTHES
V,vovo
V,VTOPIA
V,VULCARINI
V,VVV
W,wcloset
W,WDOT
W,W6YZ
W,WAORientalTRaffic
W,WA!KARU
W,wa...lance
W,WACCOWACCO
W,WACHO
W,WACKOMARIA
W,WaiKei
W,WAIPER.inc
W,wakami
W,WAKAO
W,WALDO
W,WALKINCLOSET
W,WalkofShame
W,WALKOVER
W,WALLAWALLASPORT
W,wallace&murron
W,WALSH
W,WantLesEssentielsDeLaVie
W,WAREHOUSE
W,WARMTH
W,WASK
W,Waste(twice)
W,watashi+byshiseido
W,WATCHES
W,watchitude
W,watermassage
W,watowa
W,WAVEN
W,WAX
W,WC
W,wdl.
W,wdl.select
W,WEEKEND(ER)
W,WEEKEND（WEEKENDdeTiara）
W,WEGO
W,WELDERMOODY
W,WELLDER
W,Wells
W,Well-Tailored
W,WELLWHOLE
W,WENDYJIM
W,WERNER
W,WESTCLIMB
W,WESTCOASTSAMANTHAVEGA
W,WESTPAWDesign
W,WESTVILLAGETOKYO
W,WESTBOY
W,WESTERNRISE
W,WESTOVERALLS
W,WESTSEA
W,WEYEP
W,WHATHAPPEN
W,wHAtcHaMaCaLLit
W,WHEELROBE
W,WHEIRBobson
W,whideout.
W,WhimGazette
W,WHIMROTH
W,Whimsy
W,Whimzy
W,WHIPCREAM
W,whitebuffalo
W,WHITEHOUSECOX
W,WHITEJOOLA
W,WHITELINE
W,WHITEMOUNTAINEERING
W,WhiteSand
W,WHITELANDBLACKBURN
W,WHITESVILLE
W,WHIZLIMITED
W,whoop-de-doo
W,whoopEE
W,who'swhoChico
W,WHO'SWHOgallery
W,WhoWhat
W,WHYTO.
W,wicca
W,wiffle
W,WIGWAM
W,WILDLIFETAILORAdametRope'
W,WILDTHINGS
W,WILDERNESSEXPERIENCE
W,WILDERNESSWEAR
W,WILDTHINGS
W,WILKESBASHFORD
W,WILLBE
W,WillMery
W,Willfulbylipstar
W,WILLIAMBRUNTON
W,WILLIAMGIBSON
W,WILLIAMLOCKIE
W,Williamsburg&Co.
W,WILLOW
W,WillowBay
W,WILLSELECTION
W,WILLYCHAVARRIA
W,wilson
W,WILT
W,Wilton
W,WIMINIHAWAII
W,WINDANDSEA
W,Wing
W,WIRED
W,wisdom
W,WISLOM
W,WISM
W,withcollection
W,withme.
W,withher
W,wiz
W,Wizzard
W,wjk
W,wjkblack
W,wjkwhitetag
W,WKNDRS
W,WLGbyGIORGIOBRATO
W,woadblue
W,WOLF&RITA
W,WOLVERINE
W,WONHUNDRED
W,Wonderapartment
W,WONDERMEME
W,WONDERWARM
W,wonderfulday
W,wonderland
W,WOOD
W,WOODWOOD
W,Wood&Faulk
W,Woods
W,Woolpower
W,WOOLRICH
W,Wordtrobe
W,WORKNOTWORKURBANRESEARCH
W,WORKTRIPOUTFITSGREENLABELRELAXING
W,WORKS
W,WorldTraveler
W,WORLDTRUNK
W,WORLDWIDEFAMOUS
W,WORLDWIDELOVE!
W,WORLDWORKERS
W,WOUTERS&HENDRIX
W,WOVEN
W,WOYOYO
W,WP
W,Wpc.
W,Wrangler
W,WRAPINKNOT
W,WWS
W,WYMLIDNM
W,WYTHE
X,XC
X,XD
X,xgbyX-girl
X,X-girl
X,X-girlStages
X,xkko
X,XLARGE
X,XLARGEKIDS
X,Xti
Y,Y.O.N.
Y,y/m
Y,Y-3
Y,YADORI
Y,YAHKI
Y,YAKPAK
Y,YA‐MAN
Y,YA-MAN/ONLYMINERALS
Y,YANUK
Y,YARDETC
Y,YARDPLUS
Y,YArKA
Y,Yarmo
Y,YARN&COPPER
Y,YEAHRIGHT!!
Y,YEARFEWOFMYFAVORITETHINGS
Y,YECCAVECCA
Y,YellowBand
Y,YELLOWRUBY
Y,Yellow108
Y,YELLOWFACE
Y,YETIDESIGN
Y,YG
Y,YMC
Y,YOBABY
Y,YOAK
Y,yoccattaTOKYO
Y,YochiDesign
Y,YochiNEWYORK
Y,YogaSprout
Y,YOHEIOHNO
Y,YohjiYamamoto
Y,yokosakamoto
Y,YOLO
Y,YON
Y,YOOY
Y,yorozu
Y,YOSHIDAROBERTO
Y,YOSHiKOCREATiON
Y,yoshiokubo
Y,YOSOOU
Y,YOSUKE
Y,YOU+MORE!
Y,YOUNG&OLSENTheDRYGOODSSTORE
Y,YoursArmyWorld
Y,youthbath
Y,Youuumu
Y,YOUWA
Y,Y'SACCS
Y,YSTRDY'sTMRRW
Y,Yu-Co
Y,YUEN'TO
Y,YUKETEN
Y,YUKIHASHIMOTO
Y,YUKIUEDA
Y,Yukineinc.
Y,YUKKAM
Y,yukoimanishi+
Y,yuks
Y,YULIAYEFIMTCHUK+
Y,Yummy
Y,YUMMYMART
Y,YUMS
Y,yuni
Y,YURIPARK
Y,YURUKU
Y,yuue'(wear)
Y,yuw
Y,YvesSaintLaurent
Y,YVESSALOMON
Y,YVON
Y,YYBYYUULYIE
Z,z.B.…Berlin
Z,ZADIG&VOLTAIRE
Z,ZAKKPAC
Z,ZAKKA-BOX
Z,zakkaholic
Z,ZAKONE
Z,ZANELLATO
Z,ZANEROBE
Z,ZANONE
Z,ZARIO
Z,ZARIO-grandee-
Z,ZARIO-PREMIO-
Z,Zatchels
Z,zattu
Z,ZATUON
Z,ZAZZYZAPS
Z,ZDA
Z,Zeha
Z,ZENITH
Z,ZEPPELIN
Z,Zerbinomaurizi
Z,ZEROCRASH
Z,ZeroGravity
Z,ZEROHALLIBURTON
Z,ZERONEWYORK
Z,ZEROstanderd
Z,ZEROSTREET
Z,ZERU
Z,Zhor&Nema
Z,ZIDDY
Z,Zimmerli
Z,ZINC
Z,ZIPFIVE
Z,Zipper
Z,ZODIAC
Z,ZOEKARSSEN
Z,Zoff
Z,ZONALe
Z,ZOOYORK
Z,Zoooy.TOKYO
Z,zoule
Z,zozio
Z,ZOZO
Z,ZOZOCHAMPIONSHIP公式グッズ
Z,ZOZOMESSE
Z,ZOZOOUTDOOR
Z,ZOZOTOWN×CHIBA
Z,ZUCCa
Z,zuccherofilato
Z,zuppadizucca
Z,ZUTANO
Z,ZWILLINGJ.A.HENCKELS
Z,ZWILLINGJ.A.HENCKELS/STAUB
その他,ALWAYSGOODTIME
その他,EmilyLevine
その他,Levi'sMade&Crafted
その他,RECENCYOFMINE
その他,#Re:room
その他,#Re:roommini
その他,#Re:roomURBANBEACHCLUB
その他,&chouette
その他,&INDUSTRY.
その他,&.NOSTALGIA
その他,&g'aime
その他,.efiLevol
その他,.KOM
その他,＋81BRANCA
その他,+d
その他,+nokto
その他,+R
その他,±0
その他,∀∀∀
その他,003J.FERRY
その他,02DERIV.
その他,08sircus
その他,0r10n
その他,1piu1uguale3
その他,1to10people
その他,1%SHUHEIOGAWA
その他,1/2Style
その他,1/F
その他,1:59
その他,10byjuhastablegarments
その他,10:10BYNENDO
その他,1017ALYX9SM
その他,10mois
その他,11byBorisBidjanSaberi
その他,1159STUDIO
その他,120%lino
その他,12TwelveAgenda
その他,13MONTH
その他,14+
その他,14thAddiction
その他,163
その他,163byAKM
その他,179/WG
その他,1erArrondissement
その他,1PIU1UGUALE3RELAX
その他,1piu1uguale3RELAX
その他,1sin
その他,2class.ics
その他,20/80
その他,2020
その他,210nouve
その他,212KITCHENSTORE
その他,221village
その他,23.65
その他,291295＝HOMME
その他,2AM
その他,2nd
その他,2STAR
その他,2-tacs
その他,3BERRY
その他,3.1PhillipLim
その他,3×1
その他,31Sonsdemode
その他,33Degrees
その他,357
その他,36Quatre-Neuf
その他,392
その他,3can4on
その他,3rdSpringselect
その他,3rdSpring
その他,3RDWARE
その他,417EDIFICE
その他,430
その他,45R
その他,47
その他,47Brand
その他,4A.M.LIFESTYLE
その他,4℃
その他,4youstory
その他,501
その他,501(R)Skinny
その他,5351POURLESHOMMES
その他,5525Gallery
その他,5525gallery×PORTER
その他,6(ROKU)BEAUTY&YOUTHUNITEDARROWS
その他,603
その他,6397
その他,68&BROTHERS
その他,69
その他,6゜vocale
その他,7A.M.ENFANT
その他,7×7
その他,76
その他,77circa
その他,7DAZE
その他,7JEWELRY
その他,7MESH
その他,7Union
その他,８(eight)
その他,8.15AUGUSTFIFTEENTH
その他,''C''KENKAGAMI
その他,'MANISTA
その他,ＶＡＲＣＯ
その他,βMEN
その他,иваси/イヴァシー
その他,アサヒ（メンズ・レディース・子供靴）
その他,あしながおじさん
その他,アンファー
その他,おしゃれスタ
その他,カオリノモリ
その他,かぐれ
その他,カヤ
その他,こどもビームス
その他,こどもグンゼ
その他,シュープラザ
その他,シロップ．
その他,しろまる
その他,スタジオジブリ
その他,ダイヤルDRIVE
その他,チチカカ
その他,チャイハネ
その他,ハローキティコラボ
その他,ひつじのショーン
その他,ひよこ商店
その他,ふりふ
その他,ホンキのタオル
その他,ミライアルキ
その他,ムラサキスポーツ
その他,モノトヒトbyJohnbull
その他,よひらのはな
その他,育児工房
その他,欧州航路
その他,岩座IWAKURA
その他,義志
その他,吉田カバン
その他,金子眼鏡
その他,靴下屋
その他,恵那眼鏡
その他,芸艸堂
その他,好日山荘
その他,三陽山長
その他,瞬足
その他,順理庵
その他,女神織DENIMES
その他,礎-ishizue-
その他,倉敷天領デニム
その他,泰八郎謹製
その他,中川政七商店
その他,通勤快足
その他,東京家具
その他,東洋エンタープライズ
その他,凸&凹
その他,白谷工房
その他,夢展望
その他,無
その他,柳宗理
その他,和ROBE
その他,坩堝